Product,Handle,Price,SKU,Availability,Variant Title,Variant ID,Weight,Inventory Management,Product URL,Scraped at,Description
Ballerina Dreams Set,ballerina-dreams-set-1,1859.0,,True,Default Title,51058187436330,0,shopify,https://www.triconuts.com//products/ballerina-dreams-set-1,2026/02/22 02:05:08 PM,"Ballerina Dreams Set 🩰 A dreamy handmade gift for little ballerinas 🤍 The Ballerina Dreams Set is a perfect blend of softness, elegance, and personalization — designed to be cherished from day one. This beautiful set includes: Made from baby-friendly, high-quality yarn, this set is safe, cozy, and perfect for newborns, baby showers, birthdays, or keepsake gifts. Why moms love it: 🎁 Whether it’s a baby shower or a special surprise, the Ballerina Dreams Set is a gift that speaks from the heart."
Cat Toy,cat-toy-no-name,557.0,,False,Default Title,47843545121066,0,shopify,https://www.triconuts.com//products/cat-toy-no-name,2026/02/22 02:05:09 PM,"Hand-crocheted amigurumi cat plush toy in light brown, measuring 22 cm tall. Soft, safe, and perfect for cuddles or gifting. This adorable 22 cm tall amigurumi cat is handmade with soft, high-quality yarn in a warm light brown shade. Its sweet expression, embroidered facial details, and carefully stitched ears and limbs give it a charming personality. With white accents on the paws and nose, it’s designed to be baby-safe, durable, and perfect for gifting to little ones or adding to a handmade toy collection. Ideal as a comforting bedtime companion or a unique nursery decoration."
Blue Velvet Blanket (Super Soft),blue-velvet-blanket-super-soft,1259.0,,True,Default Title,51012227006762,0,shopify,https://www.triconuts.com//products/blue-velvet-blanket-super-soft,2026/02/22 02:05:09 PM,"Designed and handmade in Egypt For customized size or color, pleasecontact us Please follow the care instructions to maintain appearance and extend the life of your garmentHere"
Beige Girl Bunny Toy,girl-bunny-toy-2,499.0,,True,Default Title,44188819292458,0,shopify,https://www.triconuts.com//products/girl-bunny-toy-2,2026/02/22 02:05:10 PM,"Handmade 25 cm crochet bunny – the perfect soft, baby-safe gift for newborns. Ideal for nursery decor, cuddles, and timeless baby photo shoots. Bring warmth and charm to your little one’s world with our handmade crochet bunny. With its soft neutral tones, sweet sleepy eyes, and delicate pink bow, this cuddly friend makes the perfect gift for newborns or expecting moms. Lovingly handcrafted using soft, baby-safe cotton yarn, this 25 cm bunny is just the right size for tiny hands to hold and hug. Ideal for nursery decor, playtime, or newborn photo shoots. ✅ Handmade with love ✅ Baby-safe natural materials ✅ Exclusive design by Triconuts"
Dinosaur Toy (Extra Soft),dinosaur-toy-extra-soft,879.0,,True,Default Title,49933380845866,0,shopify,https://www.triconuts.com//products/dinosaur-toy-extra-soft,2026/02/22 02:05:11 PM,100% handcrafted Safe for babies & kids Material: Yarn & Fiber only (no plastic) Height: 32 cm approx. Color: Mint green Hand wash only
Elephant Girl Toy,elephant-girl-toy,589.0,,True,Default Title,44188814377258,0,shopify,https://www.triconuts.com//products/elephant-girl-toy,2026/02/22 02:05:12 PM,"Charming handmade crocheted elephant toy, 22 cm tall, featuring soft grey yarn with adorable pink heart and bow details—perfect for cuddles or gifting. This adorable handmade crocheted elephant toy is the perfect blend of charm and craftsmanship. Measuring 22 cm in height, it is lovingly created with soft grey yarn and features delightful pink accents, including a sweet heart on its belly and a tiny bow on its ear. With its oversized floppy ears, expressive eyes, and endearing details, this elephant makes an ideal companion for babies, toddlers, and anyone who appreciates handcrafted treasures. Whether used as a cuddly toy, nursery decoration, or a thoughtful gift, this amigurumi-style elephant is sure to bring smiles and warmth to any home."
Dog Puppy Toy (Extra Soft),dog-puppy-toy-extra-soft,969.0,,True,Default Title,50440472330538,0,shopify,https://www.triconuts.com//products/dog-puppy-toy-extra-soft,2026/02/22 02:05:13 PM,"Soft & cuddly handmade dog plushie – 38 cm of pure love! Perfect for babies and toddlers to snuggle, play, and feel safe. Meet our adorable handmade dog plushie – your child’s new best friend! 🐶 Crafted with love from ultra-soft chenille yarn, this 38 cm cuddly pup features sweet embroidered details, floppy ears in warm tones, and a friendly face that sparks joy in little hearts. It’s lightweight, safe for babies, and perfect for cuddles, imaginative play, or bedtime comfort. Whether as a gift or a special companion, this plushie brings warmth and smiles wherever it goes 🤎"
Elephant Boy Toy,elephant-boy-toy,589.0,,True,Default Title,44188809986346,0,shopify,https://www.triconuts.com//products/elephant-boy-toy,2026/02/22 02:05:14 PM,"Handmade crocheted elephant toy, 22 cm tall, crafted with soft grey yarn and finished with a sweet blue heart—perfect for cuddles, nursery décor, or gifting. Meet this adorable handmade crocheted elephant, a charming 22 cm tall companion made with love and attention to detail. Soft grey yarn forms its cuddly body, with oversized floppy ears, gentle stitched eyes, and a light blue heart embellishment on its belly for an extra touch of sweetness. A small tuft of matching blue yarn on its head adds character and playfulness. This amigurumi-style elephant is perfect for babies, toddlers, or anyone who appreciates thoughtful, handcrafted gifts. Ideal as a soft toy, nursery decoration, or a keepsake, this elephant brings warmth, comfort, and joy wherever it goes."
Boy Bunny Toy (Extra Soft),large-boy-bunny-toy-extra-soft,899.0,,True,Default Title,48939261428010,0,shopify,https://www.triconuts.com//products/large-boy-bunny-toy-extra-soft,2026/02/22 02:05:16 PM,100% handcrafted Bunny toy for girls Safe for babies & kids Material: Yarn & Fiber only (no plastic) Height: 35 cm approx. Color: Baby Blue Hand wash only
Blue Flower Bag Charm,blue-flower-bag-charm,229.0,,True,Default Title,50260146553130,0,shopify,https://www.triconuts.com//products/blue-flower-bag-charm,2026/02/22 02:05:17 PM,"New Bag Charm Collection – Handcrafted Elegance for Every Bag Add a touch of sweetness to your everyday style with our new bag charm collection. Featuring delicately crocheted designs like this cute flower 💙🌼 , each charm is lovingly handmade with premium yarn for a soft, lightweight finish that’s both stylish and durable. Perfect for accessorizing handbags, backpacks, or even keys, these charming accents are designed to make a statement while staying delightfully subtle. Whether you’re gifting or treating yourself, our collection brings playful elegance to any look. ✨ Handmade with love 🎀 Unique crochet designs 👜 Perfect for gifting or personal flair"
Elephant Toy (Extra Soft),elephant-toy-extra-soft,849.0,,False,Default Title,50904579539242,0,shopify,https://www.triconuts.com//products/elephant-toy-extra-soft,2026/02/22 02:05:18 PM,100% handcrafted Elephant toy for kids Safe for babies & kids Material: Yarn & Fiber only (no plastic) Height: 30 cm approx. Color: Grey Hand wash only
Big Daisy Bag Charm,daisy-bag-charm,249.0,,True,Default Title,50257801314602,0,,https://www.triconuts.com//products/daisy-bag-charm,2026/02/22 02:05:19 PM,"New Bag Charm Collection – Handcrafted Elegance for Every Bag Add a touch of sweetness to your everyday style with our new bag charm collection. Featuring delicately crocheted designs like this unique daisy 🌼 , each charm is lovingly handmade with premium yarn for a soft, lightweight finish that’s both stylish and durable. Perfect for accessorizing handbags, backpacks, or even keys, these charming accents are designed to make a statement while staying delightfully subtle. Whether you’re gifting or treating yourself, our collection brings playful elegance to any look. ✨ Handmade with love 🎀 Unique crochet designs 👜 Perfect for gifting or personal flair"
Ballerina Toy,ballerina-toy,599.0,,True,Default Title,49974051635498,0,shopify,https://www.triconuts.com//products/ballerina-toy,2026/02/22 02:05:20 PM,"Adorable handmade crocheted ballerina doll, 27 cm tall, dressed in a charming pink tutu—perfect for cuddles, decor, or gifting. This beautifully handmade crocheted ballerina doll stands at 27 cm tall and is designed to bring joy and warmth to any child or collector. With its soft, high-quality yarn and delicate craftsmanship, this doll features a sweet pink ballet dress, matching ballet shoes, and an elegant bun. Its gentle, smiling expression adds to its charm, making it an ideal gift for birthdays, baby showers, or nursery decor. Safe, durable, and utterly adorable, this ballerina doll is sure to be treasured for years to come."
Baby Boy Besties Set,baby-boy-besties-set-1,969.0,,True,Default Title,51058266997034,0,shopify,https://www.triconuts.com//products/baby-boy-besties-set-1,2026/02/22 02:05:21 PM,"Baby Boy Besties Set The Baby Boy Besties Set is the perfect handmade gift for your little one 💙 This adorable set includes two soft crochet friends designed to be your baby’s first besties. The set features: Each toy is carefully handcrafted with love, using high-quality, gentle yarn that is safe and cozy for babies. The neutral and boy-friendly colors make this set ideal for baby showers, newborn gifts, or a special keepsake. ✨ Free name embroidery on the bunny makes this set extra special and unique. Why parents love it: A timeless keepsake your baby will cuddle, love, and grow with 🤍"
Cow Toy (Extra Soft),large-cow-toy-extra-soft,779.0,,True,Default Title,49762627092778,0,shopify,https://www.triconuts.com//products/large-cow-toy-extra-soft,2026/02/22 02:05:22 PM,100% handcrafted Bunny toy for girls Safe for babies & kids Material: Yarn & Fiber only (no plastic) Height: 30 cm approx. Hand wash only
Blue Baby Bear Hat (EXTRA SOFT),blue-baby-bear-hat-extra-soft,449.0,,True,0-6 months,51022833385770,0,shopify,https://www.triconuts.com//products/blue-baby-bear-hat-extra-soft,2026/02/22 02:05:23 PM,"Wrap your little one in warmth and cuteness 🤍 This adorable handmade baby hat features sweet bear ears and a soft, cozy design that’s perfect for newborns and infants. Carefully crocheted using high-quality, baby-friendly yarn, it’s gentle on delicate skin and comfortable for everyday wear. Whether it’s for a newborn photoshoot, a baby shower gift, or a special first outing, this hat adds the perfect touch of charm. ✨ Why moms love it: A timeless essential that keeps your baby warm while looking absolutely adorable 💕"
Blue Baby Bear Hat (EXTRA SOFT),blue-baby-bear-hat-extra-soft,449.0,,True,6-12 months,51022833418538,0,shopify,https://www.triconuts.com//products/blue-baby-bear-hat-extra-soft,2026/02/22 02:05:23 PM,"Wrap your little one in warmth and cuteness 🤍 This adorable handmade baby hat features sweet bear ears and a soft, cozy design that’s perfect for newborns and infants. Carefully crocheted using high-quality, baby-friendly yarn, it’s gentle on delicate skin and comfortable for everyday wear. Whether it’s for a newborn photoshoot, a baby shower gift, or a special first outing, this hat adds the perfect touch of charm. ✨ Why moms love it: A timeless essential that keeps your baby warm while looking absolutely adorable 💕"
Duck Toy (Extra Soft),large-duck-toy,769.0,,True,Default Title,50288697016618,0,shopify,https://www.triconuts.com//products/large-duck-toy,2026/02/22 02:05:24 PM,100% handcrafted Safe for babies & kids Material: Yarn & Fiber only (no plastic) Height: 28 cm approx. Color: White + Yellow details Hand wash only with mild detergent
Boy Bear Toy (Extra Soft),boy-bear-toy-extra-soft,789.0,,True,Default Title,50091544281386,0,shopify,https://www.triconuts.com//products/boy-bear-toy-extra-soft,2026/02/22 02:05:25 PM,100% handcrafted Bear toy for boys Safe for babies & kids Material: Yarn & Fiber only (no plastic) Height: 30 cm approx. Color: Baby Blue Hand wash only
Bow Headband (Pink),bow-headband-pink,299.0,,True,0-3 months,50971332608298,0,,https://www.triconuts.com//products/bow-headband-pink,2026/02/22 02:05:26 PM,"Soft and adorable handmade crochet baby headband with a cute bow—perfect for everyday wear or special occasions. This charming handmade crochet baby headband is designed with love and care to keep your little one stylish and comfortable. Crafted from soft, high-quality yarn, it features a stretchy ribbed band for a snug yet gentle fit and an adorable bow that adds the perfect finishing touch. Ideal for newborns, infants, and toddlers, this headband is perfect for everyday wear, photo shoots, birthdays, or special occasions. A beautiful and thoughtful gift for baby showers or new parents, this headband brings both comfort and cuteness to any outfit."
Bow Headband (Pink),bow-headband-pink,299.0,,True,3-6 months,50971332673834,0,,https://www.triconuts.com//products/bow-headband-pink,2026/02/22 02:05:26 PM,"Soft and adorable handmade crochet baby headband with a cute bow—perfect for everyday wear or special occasions. This charming handmade crochet baby headband is designed with love and care to keep your little one stylish and comfortable. Crafted from soft, high-quality yarn, it features a stretchy ribbed band for a snug yet gentle fit and an adorable bow that adds the perfect finishing touch. Ideal for newborns, infants, and toddlers, this headband is perfect for everyday wear, photo shoots, birthdays, or special occasions. A beautiful and thoughtful gift for baby showers or new parents, this headband brings both comfort and cuteness to any outfit."
Bow Headband (Pink),bow-headband-pink,299.0,,True,6-12 months,50971332739370,0,,https://www.triconuts.com//products/bow-headband-pink,2026/02/22 02:05:26 PM,"Soft and adorable handmade crochet baby headband with a cute bow—perfect for everyday wear or special occasions. This charming handmade crochet baby headband is designed with love and care to keep your little one stylish and comfortable. Crafted from soft, high-quality yarn, it features a stretchy ribbed band for a snug yet gentle fit and an adorable bow that adds the perfect finishing touch. Ideal for newborns, infants, and toddlers, this headband is perfect for everyday wear, photo shoots, birthdays, or special occasions. A beautiful and thoughtful gift for baby showers or new parents, this headband brings both comfort and cuteness to any outfit."
Bow Headband (Pink),bow-headband-pink,299.0,,True,1-3 Years,50971332804906,0,,https://www.triconuts.com//products/bow-headband-pink,2026/02/22 02:05:26 PM,"Soft and adorable handmade crochet baby headband with a cute bow—perfect for everyday wear or special occasions. This charming handmade crochet baby headband is designed with love and care to keep your little one stylish and comfortable. Crafted from soft, high-quality yarn, it features a stretchy ribbed band for a snug yet gentle fit and an adorable bow that adds the perfect finishing touch. Ideal for newborns, infants, and toddlers, this headband is perfect for everyday wear, photo shoots, birthdays, or special occasions. A beautiful and thoughtful gift for baby showers or new parents, this headband brings both comfort and cuteness to any outfit."
Giraffe Toy,giraffe-toy,499.0,,True,Default Title,40500988969011,0,shopify,https://www.triconuts.com//products/giraffe-toy,2026/02/22 02:05:27 PM,"Handmade crochet giraffe — a soft, playful 28 cm friend full of charm, perfect for cuddles, gifts, and nursery decor. Meet our delightful handmade crochet giraffe — the perfect companion for little explorers! Standing at approximately 28 cm tall, this adorable giraffe is lovingly crafted from soft, baby-safe yarn, making it ideal for cuddling, playing, or decorating a nursery. With its sweet embroidered face, cheerful yellow and brown design, and unique handcrafted details, this toy is both charming and safe for children of all ages. Whether as a thoughtful baby shower gift or a favorite bedtime buddy, this crocheted giraffe is sure to bring smiles and warmth wherever it goes. ✅ Handmade with love ✅ Baby-safe natural materials ✅ Exclusive design by Triconuts"
Cherries Bag Charm,cherries-bag-charm,229.0,,True,Default Title,50243481338154,0,,https://www.triconuts.com//products/cherries-bag-charm,2026/02/22 02:05:28 PM,"New Bag Charm Collection – Handcrafted Elegance for Every Bag Add a touch of sweetness to your everyday style with our new bag charm collection. Featuring delicately crocheted designs like this cute cherries 🍒 , each charm is lovingly handmade with premium yarn for a soft, lightweight finish that’s both stylish and durable. Perfect for accessorizing handbags, backpacks, or even keys, these charming accents are designed to make a statement while staying delightfully subtle. Whether you’re gifting or treating yourself, our collection brings playful elegance to any look. ✨ Handmade with love 🎀 Unique crochet designs 👜 Perfect for gifting or personal flair"
Beige Boy Bunny Toy,boy-bunny-toy-2,499.0,,True,Default Title,44188834431274,0,shopify,https://www.triconuts.com//products/boy-bunny-toy-2,2026/02/22 02:05:29 PM,"Handmade 25 cm crochet bunny with a blue bow tie. Soft, safe, and perfect for babies and toddlers. Meet our adorable handmade crochet bunny – a timeless gift for your little one. With its soft beige body, classic long ears, and sweet blue bow tie, this 25 cm bunny is designed to be both charming and safe. Made with baby-friendly cotton yarn, it’s ideal for cuddles, nursery decor, and keepsake photos. Whether you’re gifting a newborn, decorating a baby shower, or looking for a thoughtful first toy, this bunny is sure to be a favorite for years to come. ✅ 100% handmade with love ✅ Hypoallergenic and safe materials ✅ Exclusive Triconuts design ✅ Suitable from birth"
Bow Headband (Red),bow-headband,299.0,,True,0-3 months,39553396244531,0,,https://www.triconuts.com//products/bow-headband,2026/02/22 02:05:30 PM,"Soft and adorable handmade crochet baby headband with a cute bow—perfect for everyday wear or special occasions. This charming handmade crochet baby headband is designed with love and care to keep your little one stylish and comfortable. Crafted from soft, high-quality yarn, it features a stretchy ribbed band for a snug yet gentle fit and an adorable bow that adds the perfect finishing touch. Ideal for newborns, infants, and toddlers, this headband is perfect for everyday wear, photo shoots, birthdays, or special occasions. A beautiful and thoughtful gift for baby showers or new parents, this headband brings both comfort and cuteness to any outfit."
Bow Headband (Red),bow-headband,299.0,,True,3-6 months,39553396506675,0,,https://www.triconuts.com//products/bow-headband,2026/02/22 02:05:30 PM,"Soft and adorable handmade crochet baby headband with a cute bow—perfect for everyday wear or special occasions. This charming handmade crochet baby headband is designed with love and care to keep your little one stylish and comfortable. Crafted from soft, high-quality yarn, it features a stretchy ribbed band for a snug yet gentle fit and an adorable bow that adds the perfect finishing touch. Ideal for newborns, infants, and toddlers, this headband is perfect for everyday wear, photo shoots, birthdays, or special occasions. A beautiful and thoughtful gift for baby showers or new parents, this headband brings both comfort and cuteness to any outfit."
Bow Headband (Red),bow-headband,299.0,,True,6-12 months,39553396768819,0,,https://www.triconuts.com//products/bow-headband,2026/02/22 02:05:30 PM,"Soft and adorable handmade crochet baby headband with a cute bow—perfect for everyday wear or special occasions. This charming handmade crochet baby headband is designed with love and care to keep your little one stylish and comfortable. Crafted from soft, high-quality yarn, it features a stretchy ribbed band for a snug yet gentle fit and an adorable bow that adds the perfect finishing touch. Ideal for newborns, infants, and toddlers, this headband is perfect for everyday wear, photo shoots, birthdays, or special occasions. A beautiful and thoughtful gift for baby showers or new parents, this headband brings both comfort and cuteness to any outfit."
Bow Headband (Red),bow-headband,299.0,,True,1-3 Years,39553397030963,0,,https://www.triconuts.com//products/bow-headband,2026/02/22 02:05:30 PM,"Soft and adorable handmade crochet baby headband with a cute bow—perfect for everyday wear or special occasions. This charming handmade crochet baby headband is designed with love and care to keep your little one stylish and comfortable. Crafted from soft, high-quality yarn, it features a stretchy ribbed band for a snug yet gentle fit and an adorable bow that adds the perfect finishing touch. Ideal for newborns, infants, and toddlers, this headband is perfect for everyday wear, photo shoots, birthdays, or special occasions. A beautiful and thoughtful gift for baby showers or new parents, this headband brings both comfort and cuteness to any outfit."
Bakar Doll,bakar-toy,1199.0,,True,Default Title,51164360278314,0,shopify,https://www.triconuts.com//products/bakar-toy,2026/02/22 02:05:31 PM,"Meet our handcrafted Bakar Toy – a premium crochet doll lovingly made for Ramadan gifting. Standing approximately 20 cm tall, this charming character is dressed in traditional attire with vibrant red and white details, golden accents, and a distinctive green cap. 🤎 Each Bakar Toy is carefully handmade with exceptional attention to detail, from the intricate crochet stitches to the expressive embroidered features. The soft, huggable design makes it perfect for little ones while the premium craftsmanship ensures it becomes a treasured keepsake. Features: This unique toy celebrates the spirit of Ramadan and makes a meaningful gift that combines tradition, quality, and heartfelt craftsmanship. Each piece is one-of-a-kind, reflecting the dedication and love put into every stitch. 🌙"
Girl Bear Toy (Extra Soft),girl-bear-toy-extra-soft,789.0,,True,Default Title,50091548541226,0,shopify,https://www.triconuts.com//products/girl-bear-toy-extra-soft,2026/02/22 02:05:33 PM,100% handcrafted Bear toy for girls Safe for babies & kids Material: Yarn & Fiber only (no plastic) Height: 30 cm approx. Color: Pink Hand wash only
Monkey Toy,monkey-toy-no-name,479.0,,True,Default Title,44611618472234,0,shopify,https://www.triconuts.com//products/monkey-toy-no-name,2026/02/22 02:05:34 PM,"Handmade crochet monkey toy, 24 cm tall—soft, playful, and perfect for cuddles or gifting. Meet this adorable handmade crochet monkey, standing 24 cm tall, crafted with love and attention to detail. Made from soft, child-friendly yarn, this charming toy features a playful design with a cheerful face, floppy arms, and a cute little tail. It's perfect as a cuddly companion for babies, toddlers, or as a thoughtful gift for birthdays, baby showers, or nursery decor. Durable, lightweight, and safe for little hands, this crochet monkey is sure to bring smiles and warmth wherever it goes."
Pompoms Blanket (Champagne),pompoms-blanket-champagne,1268.0,,True,Default Title,51012100129066,0,shopify,https://www.triconuts.com//products/pompoms-blanket-champagne,2026/02/22 02:05:35 PM,"Designed and handmade in Egypt For customized size or color, pleasecontact us Please follow the care instructions to maintain appearance and extend the life of your garmentHere"
My First Valentine Premium Set,my-first-valentine-premium-set,2266.0,,True,Default Title,51072085393706,0,shopify,https://www.triconuts.com//products/my-first-valentine-premium-set,2026/02/22 02:05:36 PM,"MY FIRST VALENTINE PREMIUM SET 💖 Celebrate your baby’s first Valentine’s with this adorable handcrafted bundle, designed to melt hearts and create the sweetest memories. This premium set includes a super-soft crochet bunny holding a love heart, paired with a cozy red handmade blanket – the perfect mix of cuddles and cuteness. Lovingly made with high-quality, baby-safe yarn, this set is ideal for newborn photos, nursery decor, or as a thoughtful gift that says “made with love.” A keepsake your little one will treasure, and a gift every parent will fall in love with. 💕"
Pacifier Clip Holder (BLUE),pacifier-clip-holder-for-boys,359.0,,True,Default Title,48079518007594,0,,https://www.triconuts.com//products/pacifier-clip-holder-for-boys,2026/02/22 02:05:37 PM,
Pink Velvet Blanket (Super Soft),pink-velvet-blanket-super-soft,1259.0,,True,Default Title,51011296887082,0,shopify,https://www.triconuts.com//products/pink-velvet-blanket-super-soft,2026/02/22 02:05:38 PM,"Designed and handmade in Egypt For customized size or color, pleasecontact us Please follow the care instructions to maintain appearance and extend the life of your garmentHere"
Pink Bow Bag Charm,pink-bow-bag-charm,229.0,,True,Default Title,50243397058858,0,,https://www.triconuts.com//products/pink-bow-bag-charm,2026/02/22 02:05:39 PM,"New Bag Charm Collection – Handcrafted Elegance for Every Bag Add a touch of sweetness to your everyday style with our new bag charm collection. Featuring delicately crocheted designs like this adorable pink bow, each charm is lovingly handmade with premium yarn for a soft, lightweight finish that’s both stylish and durable. Perfect for accessorizing handbags, backpacks, or even keys, these charming accents are designed to make a statement while staying delightfully subtle. Whether you’re gifting or treating yourself, our collection brings playful elegance to any look. ✨ Handmade with love 🎀 Unique crochet designs 👜 Perfect for gifting or personal flair"
Pink Baby Bear Hat (EXTRA SOFT),pink-baby-bear-hat-extra-soft,449.0,,True,0-6 months,51022833156394,0,shopify,https://www.triconuts.com//products/pink-baby-bear-hat-extra-soft,2026/02/22 02:05:40 PM,"Wrap your little one in warmth and cuteness 🤍 This adorable handmade baby hat features sweet bear ears and a soft, cozy design that’s perfect for newborns and infants. Carefully crocheted using high-quality, baby-friendly yarn, it’s gentle on delicate skin and comfortable for everyday wear. Whether it’s for a newborn photoshoot, a baby shower gift, or a special first outing, this hat adds the perfect touch of charm. ✨ Why moms love it: A timeless essential that keeps your baby warm while looking absolutely adorable 💕"
Pink Baby Bear Hat (EXTRA SOFT),pink-baby-bear-hat-extra-soft,449.0,,False,6-12 months,51022833189162,0,shopify,https://www.triconuts.com//products/pink-baby-bear-hat-extra-soft,2026/02/22 02:05:40 PM,"Wrap your little one in warmth and cuteness 🤍 This adorable handmade baby hat features sweet bear ears and a soft, cozy design that’s perfect for newborns and infants. Carefully crocheted using high-quality, baby-friendly yarn, it’s gentle on delicate skin and comfortable for everyday wear. Whether it’s for a newborn photoshoot, a baby shower gift, or a special first outing, this hat adds the perfect touch of charm. ✨ Why moms love it: A timeless essential that keeps your baby warm while looking absolutely adorable 💕"
Heart Pacifier Clip Holder,heart-pacifier-clip-holder,409.0,,True,Default Title,51068833628458,0,,https://www.triconuts.com//products/heart-pacifier-clip-holder,2026/02/22 02:05:41 PM,"Customized Heart Pacifier Clip Holder ♥️ Keep your baby’s pacifier clean, safe, and always within reach with our adorable Customized Pacifier Clip Holder. Designed with soft, baby-friendly materials and a secure metal clip, it easily attaches to your baby’s clothes without damaging the fabric. What makes it extra special is that it can be personalized with your baby’s name, creating a unique and meaningful accessory. Featuring natural beads and a handmade crochet heart, it’s both practical and beautifully styled – perfect for everyday use or as a thoughtful newborn gift. A must-have for moms who love both functionality and a personal touch. 💕"
Merry Bear Toy,xmas-teddy-toy,679.0,,True,Default Title,49638364774698,0,shopify,https://www.triconuts.com//products/xmas-teddy-toy,2026/02/22 02:05:42 PM,100% handcrafted Teddy bear toy Safe for babies & kids Material: Yarn & Fiber only (no plastic) Length: 26 cm approx. Hand wash only
Pacifier Clip Holder (RED),pacifier-clip-holder-red,359.0,,True,Default Title,49515066294570,0,,https://www.triconuts.com//products/pacifier-clip-holder-red,2026/02/22 02:05:43 PM,
Pompoms Blanket (Baby blue),pompoms-blanket-baby-blue,1269.0,,True,Default Title,51012131586346,0,shopify,https://www.triconuts.com//products/pompoms-blanket-baby-blue,2026/02/22 02:05:44 PM,"Designed and handmade in Egypt For customized size or color, pleasecontact us Please follow the care instructions to maintain appearance and extend the life of your garmentHere"
Hello Baby Essentials Bundle (Most popular),hello-baby-essentials-bundle-1,2239.0,,True,Default Title,51058292064554,0,shopify,https://www.triconuts.com//products/hello-baby-essentials-bundle-1,2026/02/22 02:05:45 PM,"Hello Baby Essentials Bundle 🐶 The perfect start for your little one 🤍 Our Hello Baby Essentials Bundle includes a soft handmade crochet toy and a cozy knitted baby blanket, thoughtfully crafted for comfort and everyday cuddles 🥰 Made with baby-safe, ultra-soft yarn in neutral beige and brown tones, this bundle is perfect for baby boys, girls, and gender-neutral gifting. ✨ Most Popular Choice A loved newborn essential and a beautiful baby shower gift. Soft, timeless, and made with love — just like your baby 🤍"
Name on toy,option-set-1365826-text-1,100.0,,True,Default Title,51099381891370,0,,https://www.triconuts.com//products/option-set-1365826-text-1,2026/02/22 02:05:46 PM,
Girl Bunny Toy (Extra Soft),jumbo-girl-bunny-toy,899.0,,True,Default Title,48939233345834,0,shopify,https://www.triconuts.com//products/jumbo-girl-bunny-toy,2026/02/22 02:05:47 PM,100% handcrafted Bunny toy for girls Safe for babies & kids Material: Yarn & Fiber only (no plastic) Height: 35 cm approx. Color: Light Pink Hand wash only
Lion Toy,lion-toy,479.0,,True,Default Title,44188747366698,0,shopify,https://www.triconuts.com//products/lion-toy,2026/02/22 02:05:48 PM,"Adorable handmade crocheted lion toy, 24 cm tall, perfect for cuddles, nursery décor, or a thoughtful gift. Bring home a touch of warmth and charm with this delightful handmade crocheted lion toy. Standing 24 cm tall, this soft and cuddly lion is lovingly crafted with high-quality yarn, featuring a golden-orange body, a rich brown mane, and an adorable embroidered face. It's perfect for babies, toddlers, or anyone who appreciates the art of amigurumi. Ideal for playtime, nursery decoration, or as a unique gift for special occasions, this lion is sure to become a treasured companion for years to come."
Pompoms Blanket (Dark beige),pompoms-blanket-dark-beige,1269.0,,True,Default Title,50973793354026,0,shopify,https://www.triconuts.com//products/pompoms-blanket-dark-beige,2026/02/22 02:05:49 PM,"Designed and handmade in Egypt For customized size or color, pleasecontact us Please follow the care instructions to maintain appearance and extend the life of your garmentHere"
Penguin Toy (Extra Soft),penguin-toy-extra-soft,699.0,,True,Default Title,50006850634026,0,shopify,https://www.triconuts.com//products/penguin-toy-extra-soft,2026/02/22 02:05:51 PM,100% handcrafted Safe for babies & kids Material: Yarn & Fiber only (no plastic) Color: Blue + white Height: 25 cm approx. Hand wash only
Mint Velvet Blanket (Super Soft),mint-velvet-blanket-super-soft,1259.0,,True,Default Title,51012270489898,0,shopify,https://www.triconuts.com//products/mint-velvet-blanket-super-soft,2026/02/22 02:05:52 PM,"Designed and handmade in Egypt For customized size or color, pleasecontact us Please follow the care instructions to maintain appearance and extend the life of your garmentHere"
Heart Bag Charm,heart-bag-charm,229.0,,True,Default Title,50257740038442,0,,https://www.triconuts.com//products/heart-bag-charm,2026/02/22 02:05:53 PM,"New Bag Charm Collection – Handcrafted Elegance for Every Bag Add a touch of sweetness to your everyday style with our new bag charm collection. Featuring delicately crocheted designs like this lovely heart ♥️ , each charm is lovingly handmade with premium yarn for a soft, lightweight finish that’s both stylish and durable. Perfect for accessorizing handbags, backpacks, or even keys, these charming accents are designed to make a statement while staying delightfully subtle. Whether you’re gifting or treating yourself, our collection brings playful elegance to any look. ✨ Handmade with love 🎀 Unique crochet designs 👜 Perfect for gifting or personal flair"
Initial Letter,option-set-1366407-text-1,150.0,,True,Default Title,51100474802474,0,,https://www.triconuts.com//products/option-set-1366407-text-1,2026/02/22 02:05:54 PM,
Pacifier Clip Holder (PINK),pacifier-clip-holder-for-girls,359.0,,True,Default Title,48079529541930,0,,https://www.triconuts.com//products/pacifier-clip-holder-for-girls,2026/02/22 02:05:55 PM,
Mermaid Toy,mermaid-toy-1,629.0,,False,Default Title,44188723511594,0,shopify,https://www.triconuts.com//products/mermaid-toy-1,2026/02/22 02:05:56 PM,"Hand-crocheted mermaid doll with soft pink yarn hair and mint green tail – 26 cm tall. This enchanting 26 cm crocheted mermaid doll is a whimsical addition to any toy collection. Handmade with love and care, she features flowing pink yarn hair, a soft cream upper body, and a beautifully textured mint green mermaid tail. Two delicate crochet flowers cover her chest, adding a sweet and playful detail. Perfect for imaginative play, nursery decor, or as a thoughtful gift, this doll is crafted from soft, baby-safe yarn to ensure it’s gentle on little hands and safe for all ages."
Pacifier Clip Holder (BROWN),pacifier-clip-holder-brown,359.0,,True,Default Title,49515065639210,0,,https://www.triconuts.com//products/pacifier-clip-holder-brown,2026/02/22 02:05:57 PM,
Valentines Beanie (EXTRA SOFT),xmas-beanie,449.0,,True,0-6 months,50947922854186,0,shopify,https://www.triconuts.com//products/xmas-beanie,2026/02/22 02:05:59 PM,"Valentine’s Beanie 💕 Keep your little one warm and adorable with our soft handmade Valentine’s Beanie, featuring cute red pom-pom details. Perfect for winter days, photo shoots, and sweet Valentine moments. Cozy, stylish, and made with love ♥️"
Valentines Beanie (EXTRA SOFT),xmas-beanie,449.0,,True,6-12 months,50947922886954,0,shopify,https://www.triconuts.com//products/xmas-beanie,2026/02/22 02:05:59 PM,"Valentine’s Beanie 💕 Keep your little one warm and adorable with our soft handmade Valentine’s Beanie, featuring cute red pom-pom details. Perfect for winter days, photo shoots, and sweet Valentine moments. Cozy, stylish, and made with love ♥️"
Valentine Bear Toy (Extra Soft),valentine-bear-toy-extra-soft,809.0,,True,Default Title,51068745187626,0,shopify,https://www.triconuts.com//products/valentine-bear-toy-extra-soft,2026/02/22 02:06:00 PM,"Valentines Bear Toy – 35 cm Spread love and cuddles with our adorable Valentines Bear Toy! 🧸 This soft, handmade teddy bear is dressed in a cozy white sweater with a red heart, making it the perfect gift for Valentine’s Day, birthdays, or any special occasion ♥️ With an approximate height of 35 cm, it’s the ideal size for little hugs, nursery décor, and sweet photo moments. Made from premium, baby-friendly yarn, this bear is super soft, gentle on the skin, and safe for everyday cuddling. Whether you’re gifting it to your little one or someone special, the Valentines Bear Toy is a timeless symbol of love and warmth. 💕"
Pompoms Blanket (Pink),rose-pompoms-blanket,1269.0,,True,Default Title,50971340013866,0,shopify,https://www.triconuts.com//products/rose-pompoms-blanket,2026/02/22 02:06:01 PM,"Designed and handmade in Egypt For customized size or color, pleasecontact us Please follow the care instructions to maintain appearance and extend the life of your garmentHere"
Valentine Bunny Toy (Extra Soft),valentine-bunny-toy-extra-soft,999.0,,True,Default Title,50091529929002,0,shopify,https://www.triconuts.com//products/valentine-bunny-toy-extra-soft,2026/02/22 02:06:02 PM,"Valentines Bunny Toy 🐰 Meet our adorable Valentines Bunny Toy, a sweet handmade crochet bunny holding a red heart – the perfect little symbol of love for Valentine’s Day and special occasions. With its soft white texture, cute floppy ears, and delicate red bow details, this bunny is designed to bring warmth, comfort, and smiles. With an approximate height of 36 cm, it’s perfect for cuddles, nursery décor, and memorable photo moments. Made from high-quality, baby-friendly yarn, it is gentle on the skin and ideal as a heartfelt gift for your little one or someone special. ❤️"
Premium Boy Gift Bundle,premium-boy-gift-bundle,2079.0,,True,Default Title,51036775776554,0,shopify,https://www.triconuts.com//products/premium-boy-gift-bundle,2026/02/22 02:06:03 PM,"Premium Boy Gift Bundle A timeless, handcrafted gift set designed for baby boys 💙 This premium bundle includes a soft crochet bunny toy, a cozy knitted blanket, and a personalized pacifier clip — all carefully made with love and attention to detail. Perfect for newborns, baby showers, or a thoughtful first gift, this bundle combines comfort, style, and a personal touch in one beautiful set. ✨ Soft & baby-friendly ✨ Handcrafted with premium materials ✨ A keepsake gift parents will cherish"
Teddy Bear Toy,teddy-bear-toy,619.0,,True,Default Title,44188898427178,0,shopify,https://www.triconuts.com//products/teddy-bear-toy,2026/02/22 02:06:04 PM,"Handcrafted crocheted teddy bear, 26 cm tall, made with soft yarn and featuring an adorable heart detail—perfect for gifts, decor, or cuddles This charming 26 cm handcrafted crocheted teddy bear is the perfect blend of warmth, comfort, and timeless style. Lovingly made with high-quality, soft yarn, it features an adorable embroidered heart on its belly and a sweet facial expression that adds character and charm. Ideal as a thoughtful gift for baby showers, birthdays, or special occasions, this teddy bear is also a beautiful decorative piece for nurseries, bedrooms, or living spaces. Designed for lasting durability and endless cuddles, it’s a keepsake that will bring smiles for years to come."
Tiny Teddy Boy Toy,tiny-teddy-boy-toy,329.0,,True,Default Title,50375758741802,0,shopify,https://www.triconuts.com//products/tiny-teddy-boy-toy,2026/02/22 02:06:05 PM,
Whale Toy (Extra Soft),whale-toy-extra-soft,779.0,,True,Default Title,50354102731050,0,shopify,https://www.triconuts.com//products/whale-toy-extra-soft,2026/02/22 02:06:06 PM,100% handcrafted Safe for babies & kids Material: Yarn & Fiber only (no plastic) Height: 28 cm approx. Color: Blue + White Hand wash only with mild detergent
Premium Girl Gift Set,premium-girl-gift-set,2349.0,,True,0-3 months,51058147557674,0,shopify,https://www.triconuts.com//products/premium-girl-gift-set,2026/02/22 02:06:07 PM,"Looking for the perfect gift for a newborn baby girl? 🎀😍 Our Girl Gift Bundle is thoughtfully designed to be a keepsake that lasts — not just another gift that gets forgotten. This bundle includes handmade essentials crafted with love, combining beauty, comfort, and practicality in one elegant set. Every piece is carefully made to grow with the baby and stay meaningful for years. ✨ What makes this bundle special? 🎁 Why it’s the perfect gift: Instead of buying multiple separate items, this bundle gives you a complete, high-value gift that feels premium, thoughtful, and timeless. It’s ideal for baby showers, newborn visits, or welcoming a baby girl into the world. 💗 A gift that stays, not just for a moment These pieces aren’t disposable — they’re keepsakes parents will cherish, use, and remember. ✔ Beautiful ✔ Practical ✔ Meaningful ✔ Great value Because the best gifts are the ones that grow with the baby and stay in the heart ✨"
Premium Girl Gift Set,premium-girl-gift-set,2349.0,,True,3-6 months,51058147590442,0,shopify,https://www.triconuts.com//products/premium-girl-gift-set,2026/02/22 02:06:07 PM,"Looking for the perfect gift for a newborn baby girl? 🎀😍 Our Girl Gift Bundle is thoughtfully designed to be a keepsake that lasts — not just another gift that gets forgotten. This bundle includes handmade essentials crafted with love, combining beauty, comfort, and practicality in one elegant set. Every piece is carefully made to grow with the baby and stay meaningful for years. ✨ What makes this bundle special? 🎁 Why it’s the perfect gift: Instead of buying multiple separate items, this bundle gives you a complete, high-value gift that feels premium, thoughtful, and timeless. It’s ideal for baby showers, newborn visits, or welcoming a baby girl into the world. 💗 A gift that stays, not just for a moment These pieces aren’t disposable — they’re keepsakes parents will cherish, use, and remember. ✔ Beautiful ✔ Practical ✔ Meaningful ✔ Great value Because the best gifts are the ones that grow with the baby and stay in the heart ✨"
Premium Girl Gift Set,premium-girl-gift-set,2349.0,,True,6-12 months,51058147623210,0,shopify,https://www.triconuts.com//products/premium-girl-gift-set,2026/02/22 02:06:07 PM,"Looking for the perfect gift for a newborn baby girl? 🎀😍 Our Girl Gift Bundle is thoughtfully designed to be a keepsake that lasts — not just another gift that gets forgotten. This bundle includes handmade essentials crafted with love, combining beauty, comfort, and practicality in one elegant set. Every piece is carefully made to grow with the baby and stay meaningful for years. ✨ What makes this bundle special? 🎁 Why it’s the perfect gift: Instead of buying multiple separate items, this bundle gives you a complete, high-value gift that feels premium, thoughtful, and timeless. It’s ideal for baby showers, newborn visits, or welcoming a baby girl into the world. 💗 A gift that stays, not just for a moment These pieces aren’t disposable — they’re keepsakes parents will cherish, use, and remember. ✔ Beautiful ✔ Practical ✔ Meaningful ✔ Great value Because the best gifts are the ones that grow with the baby and stay in the heart ✨"
Premium Girl Gift Set,premium-girl-gift-set,2349.0,,True,1-3 years,51058147655978,0,shopify,https://www.triconuts.com//products/premium-girl-gift-set,2026/02/22 02:06:07 PM,"Looking for the perfect gift for a newborn baby girl? 🎀😍 Our Girl Gift Bundle is thoughtfully designed to be a keepsake that lasts — not just another gift that gets forgotten. This bundle includes handmade essentials crafted with love, combining beauty, comfort, and practicality in one elegant set. Every piece is carefully made to grow with the baby and stay meaningful for years. ✨ What makes this bundle special? 🎁 Why it’s the perfect gift: Instead of buying multiple separate items, this bundle gives you a complete, high-value gift that feels premium, thoughtful, and timeless. It’s ideal for baby showers, newborn visits, or welcoming a baby girl into the world. 💗 A gift that stays, not just for a moment These pieces aren’t disposable — they’re keepsakes parents will cherish, use, and remember. ✔ Beautiful ✔ Practical ✔ Meaningful ✔ Great value Because the best gifts are the ones that grow with the baby and stay in the heart ✨"
Purple Butterfly Bag Charm,purple-butterfly-bag-charm,229.0,,True,Default Title,50260149010730,0,shopify,https://www.triconuts.com//products/purple-butterfly-bag-charm,2026/02/22 02:06:08 PM,"New Bag Charm Collection – Handcrafted Elegance for Every Bag Add a touch of sweetness to your everyday style with our new bag charm collection. Featuring delicately crocheted designs like this lovely butterfly 🦋, each charm is lovingly handmade with premium yarn for a soft, lightweight finish that’s both stylish and durable. Perfect for accessorizing handbags, backpacks, or even keys, these charming accents are designed to make a statement while staying delightfully subtle. Whether you’re gifting or treating yourself, our collection brings playful elegance to any look. ✨ Handmade with love 🎀 Unique crochet designs 👜 Perfect for gifting or personal flair"
Valentines Scarf (EXTRA SOFT),xmas-scarf,539.0,,True,Default Title,50947928883498,0,shopify,https://www.triconuts.com//products/xmas-scarf,2026/02/22 02:06:09 PM,"Valentine’s Scarf ❤️ A soft, cozy handmade scarf with cute red pom-pom details, perfect to keep your little one warm in style. A lovely winter accessory and an adorable Valentine’s gift made with love 😍 Size 100 cm * 14 cm aprox"
Pompoms Blanket (White),pompoms-blanket-white,1269.0,,True,Default Title,51012165370154,0,shopify,https://www.triconuts.com//products/pompoms-blanket-white,2026/02/22 02:06:10 PM,"Designed and handmade in Egypt For customized size or color, pleasecontact us Please follow the care instructions to maintain appearance and extend the life of your garmentHere"
Unicorn Toy (Extra Soft),unicorn-toy-extra-soft,1009.0,,True,Default Title,50006858268970,0,shopify,https://www.triconuts.com//products/unicorn-toy-extra-soft,2026/02/22 02:06:12 PM,100% handcrafted Safe for babies & kids Material: Yarn & Fiber only (no plastic) Height: 36 cm approx. Hand wash only
White Baby Bear Hat (EXTRA SOFT),baby-bear-hat-extra-soft,449.0,,True,0-6 months,51018811539754,0,shopify,https://www.triconuts.com//products/baby-bear-hat-extra-soft,2026/02/22 02:06:13 PM,"Wrap your little one in warmth and cuteness 🤍 This adorable handmade baby hat features sweet bear ears and a soft, cozy design that’s perfect for newborns and infants. Carefully crocheted using high-quality, baby-friendly yarn, it’s gentle on delicate skin and comfortable for everyday wear. Whether it’s for a newborn photoshoot, a baby shower gift, or a special first outing, this hat adds the perfect touch of charm. ✨ Why moms love it: A timeless essential that keeps your baby warm while looking absolutely adorable 💕"
White Baby Bear Hat (EXTRA SOFT),baby-bear-hat-extra-soft,449.0,,True,6-12 months,51018811572522,0,shopify,https://www.triconuts.com//products/baby-bear-hat-extra-soft,2026/02/22 02:06:13 PM,"Wrap your little one in warmth and cuteness 🤍 This adorable handmade baby hat features sweet bear ears and a soft, cozy design that’s perfect for newborns and infants. Carefully crocheted using high-quality, baby-friendly yarn, it’s gentle on delicate skin and comfortable for everyday wear. Whether it’s for a newborn photoshoot, a baby shower gift, or a special first outing, this hat adds the perfect touch of charm. ✨ Why moms love it: A timeless essential that keeps your baby warm while looking absolutely adorable 💕"
Pompoms Blanket (Red),pompoms-blanket-red,1269.0,,True,Default Title,51012063756586,0,shopify,https://www.triconuts.com//products/pompoms-blanket-red,2026/02/22 02:06:13 PM,"Designed and handmade in Egypt For customized size or color, pleasecontact us Please follow the care instructions to maintain appearance and extend the life of your garmentHere"
Warm Hugs Bundle,warm-hugs-bundle,1799.0,,True,0-6 months,51074971107626,0,shopify,https://www.triconuts.com//products/warm-hugs-bundle,2026/02/22 02:06:15 PM,"Warm Hugs Bundle 💕 Wrap your little one in love and warmth with our Warm Hugs Bundle – a perfect Valentine’s gift that combines comfort, cuteness, and handmade quality. This bundle includes a super soft crochet teddy bear with a sweet heart detail, along with a cozy matching beanie and scarf set, all crafted with gentle, baby-friendly yarn. Ideal for newborns and toddlers, this set is perfect for winter days, photo shoots, and unforgettable first Valentine memories. Handmade with care and finished with premium details, it’s a gift that says “I love you” in the softest way possible. 🧸❤️ ✨ Perfect for: Baby showers, Valentine’s gifts, and newborn keepsakes ✨ Feel: Ultra-soft, warm, and safe for delicate skin ✨ Style: Adorable, cozy, and full of love"
Warm Hugs Bundle,warm-hugs-bundle,1799.0,,True,6-12 months,51074971140394,0,shopify,https://www.triconuts.com//products/warm-hugs-bundle,2026/02/22 02:06:15 PM,"Warm Hugs Bundle 💕 Wrap your little one in love and warmth with our Warm Hugs Bundle – a perfect Valentine’s gift that combines comfort, cuteness, and handmade quality. This bundle includes a super soft crochet teddy bear with a sweet heart detail, along with a cozy matching beanie and scarf set, all crafted with gentle, baby-friendly yarn. Ideal for newborns and toddlers, this set is perfect for winter days, photo shoots, and unforgettable first Valentine memories. Handmade with care and finished with premium details, it’s a gift that says “I love you” in the softest way possible. 🧸❤️ ✨ Perfect for: Baby showers, Valentine’s gifts, and newborn keepsakes ✨ Feel: Ultra-soft, warm, and safe for delicate skin ✨ Style: Adorable, cozy, and full of love"
Reindeer Toy,reindeer-toy,509.0,,True,Default Title,44188892889386,0,shopify,https://www.triconuts.com//products/reindeer-toy,2026/02/22 02:06:16 PM,"Adorable handcrafted crocheted reindeer, 24 cm tall, featuring a red nose, cozy scarf, and soft yarn—perfect for festive gifts or holiday decor. Bring festive cheer to any space with this charming 24 cm handcrafted crocheted reindeer. Lovingly made from soft, high-quality yarn, this delightful toy features a cheerful red nose, bright eyes, and a cozy red scarf—capturing the magic of the holiday season. Perfect as a thoughtful Christmas gift, a stocking stuffer, or a whimsical decoration for your home, this reindeer is designed for both children and adults who love unique, handmade creations. Its durable stitching and timeless design ensure it will be treasured for years to come."
Special Packaging For Gifts,special-packaging-for-gifts,50.0,,True,Default Title,51050575528234,0,,https://www.triconuts.com//products/special-packaging-for-gifts,2026/02/22 02:06:17 PM,Want to get your order in a cute package for gifting? 📦💝 add this item to your order 🥰
Sweet Ballerina & Bunny Girl Set,sweet-ballerina-bunny-girl-set-1,1089.0,,True,Default Title,51058247893290,0,shopify,https://www.triconuts.com//products/sweet-ballerina-bunny-girl-set-1,2026/02/22 02:06:18 PM,"Create the perfect gift for your little princess with our Ballerina & Bunny Baby Girl Bundle — a soft, elegant, and heart-melting set designed especially for baby girls 🎀 This bundle includes: ✨ Free Name Personalization! Your baby’s name will be embroidered on the bunny at no extra cost, making this bundle a truly special and memorable keepsake. Why moms love this bundle: 🎁 Beautifully bundled and ready for gifting. 📌 Please write the baby’s name correctly in the personalization box before checkout."
Small Duck Toy,duck-toy-no-name,429.0,,True,Default Title,47655187546410,0,shopify,https://www.triconuts.com//products/duck-toy-no-name,2026/02/22 02:06:19 PM,"Handmade crochet duck, soft and cuddly — the perfect 18 cm companion for babies, toddlers, and nursery decor. This charming handmade crochet duck is crafted with love and care, making it the perfect gift for babies, toddlers, or anyone who loves cute and cozy companions. Measuring approximately 18 cm in height, this soft and lightweight duck features a round body, adorable wings, and embroidered facial details for extra safety and charm. Made from high-quality, baby-safe yarn, it’s ideal as a thoughtful baby shower gift, nursery decoration, or a cuddly friend for little hands. Its delightful design brings warmth and joy to any space. ✅ Handmade with love ✅ Baby-safe natural materials ✅ Exclusive design by Triconuts"
Sheep Toy (Extra Soft),sheep-toy-extra-soft,899.0,,True,Default Title,49999270248746,0,shopify,https://www.triconuts.com//products/sheep-toy-extra-soft,2026/02/22 02:06:20 PM,100% handcrafted Safe for babies & kids Material: Yarn & Fiber only (no plastic) Height: 36 cm approx. Color: Beige + White Hand wash only
Turtle Toy (Extra Soft),turtle-toy-extra-soft,899.0,,True,Default Title,50354057412906,0,shopify,https://www.triconuts.com//products/turtle-toy-extra-soft,2026/02/22 02:06:21 PM,100% handcrafted Safe for babies & kids Material: Yarn & Fiber only (no plastic) Height: 30 cm approx. Color: Mint + Beige Hand wash only
Pompoms Blanket (Grey),pompoms-blanket-grey,1269.0,,True,Default Title,51012119920938,0,shopify,https://www.triconuts.com//products/pompoms-blanket-grey,2026/02/22 02:06:22 PM,"Designed and handmade in Egypt For customized size or color, pleasecontact us Please follow the care instructions to maintain appearance and extend the life of your garmentHere"
Tiny Teddy Girl Toy,tiny-teddy-girl-toy,329.0,,False,Default Title,50375755432234,0,shopify,https://www.triconuts.com//products/tiny-teddy-girl-toy,2026/02/22 02:06:23 PM,
Xmas Special Packaging,xmas-special-package,50.0,,True,Default Title,50904546509098,0,,https://www.triconuts.com//products/xmas-special-package,2026/02/22 02:06:25 PM,Want to get your order in a cute xmas package? 📦♥️🎄 add this item to your order 🥰
Winnie Pooh Toy (Extra Soft),winnie-pooh-toy-extra-soft,839.0,,True,Default Title,50006862889258,0,shopify,https://www.triconuts.com//products/winnie-pooh-toy-extra-soft,2026/02/22 02:06:26 PM,100% handcrafted Safe for babies & kids Material: Yarn & Fiber only (no plastic) Color: Yellow + Red Height: 30 cm approx. Hand wash only
Winter Pink Scarf (EXTRA SOFT),winter-scarf-extra-soft,539.0,,True,Default Title,51039222530346,0,shopify,https://www.triconuts.com//products/winter-scarf-extra-soft,2026/02/22 02:06:26 PM,"Soft Knit Baby Scarf – Cozy & Cute Winter Essential ❄️ Keep your little one warm and stylish with our adorable handmade baby scarf. Crafted from ultra-soft yarn, this cozy knit scarf is gentle on delicate baby skin and perfect for chilly days. Designed with a playful pom-pom finish, it adds a cute touch to any winter outfit while providing extra warmth and comfort. Lightweight, snug, and easy to wear, this scarf is ideal for everyday outings, photoshoots, or as a thoughtful winter gift for babies. ✨ Why parents love it: A must-have winter accessory for your little bundle of joy 🤍 Size 100 cm * 14 cm aprox"
Xmas Bunny Toy,xmas-bunny-toy,499.0,,True,Default Title,49638351733034,0,shopify,https://www.triconuts.com//products/xmas-bunny-toy,2026/02/22 02:06:27 PM,100% handcrafted Bunny toy for girls Safe for babies & kids Material: Yarn & Fiber only (no plastic) Height: 25 cm approx. Hand wash only
Xmas Gift Card,xmas-gift-card,250.0,,True,E£250.00,50900945436970,0,,https://www.triconuts.com//products/xmas-gift-card,2026/02/22 02:06:28 PM,"🎁Triconuts Gift Card Give the gift of choice! Not sure which toy to pick? Send a Triconuts Gift Card and let them choose their favorite handmade piece. Why you’ll love it: • Delivered instantly via email • No shipping fees • Can be used on all Triconuts products • Perfect for Christmas, birthdays & baby showers Available Values: EGP 250 • EGP 500 • EGP 1,000 A simple gift that brings real joy ✨"
Xmas Gift Card,xmas-gift-card,500.0,,True,E£500.00,50900945469738,0,,https://www.triconuts.com//products/xmas-gift-card,2026/02/22 02:06:28 PM,"🎁Triconuts Gift Card Give the gift of choice! Not sure which toy to pick? Send a Triconuts Gift Card and let them choose their favorite handmade piece. Why you’ll love it: • Delivered instantly via email • No shipping fees • Can be used on all Triconuts products • Perfect for Christmas, birthdays & baby showers Available Values: EGP 250 • EGP 500 • EGP 1,000 A simple gift that brings real joy ✨"
Xmas Gift Card,xmas-gift-card,1000.0,,True,"E£1,000.00",50900945502506,0,,https://www.triconuts.com//products/xmas-gift-card,2026/02/22 02:06:28 PM,"🎁Triconuts Gift Card Give the gift of choice! Not sure which toy to pick? Send a Triconuts Gift Card and let them choose their favorite handmade piece. Why you’ll love it: • Delivered instantly via email • No shipping fees • Can be used on all Triconuts products • Perfect for Christmas, birthdays & baby showers Available Values: EGP 250 • EGP 500 • EGP 1,000 A simple gift that brings real joy ✨"
White Girl Bunny Toy,girl-bunny-toy,499.0,,True,Default Title,44188791144746,0,shopify,https://www.triconuts.com//products/girl-bunny-toy,2026/02/22 02:06:29 PM,"Soft handmade crochet bunny, 25 cm tall — perfect for babies, kids, and as a charming nursery decoration. This adorable handmade crochet bunny is the perfect gift for babies, children, or anyone who loves soft, cuddly toys. Measuring 25 cm in height, this bunny is crafted with care using soft, high-quality yarn, making it gentle and safe for little hands. Its sweet embroidered face and delicate pink bow add a touch of charm, while its lightweight and durable design ensures it will be cherished for years to come. Ideal as a baby shower gift, nursery decor, or a comforting bedtime companion. ✅ Handmade with love ✅ Baby-safe natural materials ✅ Exclusive design by Triconuts"
Winter Blue Scarf (EXTRA SOFT),winter-blue-scarf-extra-soft,539.0,,True,Default Title,51039242780970,0,shopify,https://www.triconuts.com//products/winter-blue-scarf-extra-soft,2026/02/22 02:06:30 PM,"Soft Knit Baby Scarf – Cozy & Cute Winter Essential ❄️ Keep your little one warm and stylish with our adorable handmade baby scarf. Crafted from ultra-soft yarn, this cozy knit scarf is gentle on delicate baby skin and perfect for chilly days. Designed with a playful pom-pom finish, it adds a cute touch to any winter outfit while providing extra warmth and comfort. Lightweight, snug, and easy to wear, this scarf is ideal for everyday outings, photoshoots, or as a thoughtful winter gift for babies. ✨ Why parents love it: A must-have winter accessory for your little bundle of joy 🤍 Size 100 cm * 14 cm aprox"
White Boy Bunny Toy,boy-bunny-toy,499.0,,True,Default Title,44188844785962,0,shopify,https://www.triconuts.com//products/boy-bunny-toy,2026/02/22 02:06:31 PM,"Handmade 25 cm crochet bunny with a blue bow tie. Soft, safe, and perfect for babies and toddlers. Meet our adorable handmade crochet bunny – a timeless gift for your little one. With its soft white body, classic long ears, and sweet blue bow tie, this 25 cm bunny is designed to be both charming and safe. Made with baby-friendly cotton yarn, it’s ideal for cuddles, nursery decor, and keepsake photos. Whether you’re gifting a newborn, decorating a baby shower, or looking for a thoughtful first toy, this bunny is sure to be a favorite for years to come. ✅ 100% handmade with love ✅ Hypoallergenic and safe materials ✅ Exclusive Triconuts design ✅ Suitable from birth"
Yellow Velvet Blanket (Super Soft),yellow-velvet-blanket-super-soft,1259.0,,True,Default Title,51012246372650,0,shopify,https://www.triconuts.com//products/yellow-velvet-blanket-super-soft,2026/02/22 02:06:32 PM,"Designed and handmade in Egypt For customized size or color, pleasecontact us Please follow the care instructions to maintain appearance and extend the life of your garmentHere"
White Velvet Blanket (Super Soft),white-velvet-blanket-super-soft,1259.0,,True,Default Title,51012290117930,0,shopify,https://www.triconuts.com//products/white-velvet-blanket-super-soft,2026/02/22 02:06:33 PM,"Designed and handmade in Egypt For customized size or color, pleasecontact us Please follow the care instructions to maintain appearance and extend the life of your garmentHere"
