Product,Variant,Price,Handle,Variant ID,Availability,SKU,Product URL,Scraped at
Boxer Underwear bag,White / 60 L X 40 W,395.0,boxer-underwear-bag,46353713201443,True,672b944ebfea1,https://hebalinens.com/products/boxer-underwear-bag,2026/01/26 03:47:37 PM
Calligraphy - Bath Mat Set,White,4295.0,calligraphy-bath-mat-set,46635615027491,False,672b9451e4a21,https://hebalinens.com/products/calligraphy-bath-mat-set,2026/01/26 03:47:39 PM
Butterflies - Table Cloth,2.75 L x 1.8 W  with 8 Napkin / Cream,6245.0,table-cloth-batterflies,46344867905827,True,672b9451e57ce,https://hebalinens.com/products/table-cloth-batterflies,2026/01/26 03:47:40 PM
Butterflies - Table Cloth,3.25 L x 1.8 W with 10 Napkin / Cream,7495.0,table-cloth-batterflies,46344867971363,False,672b9452b1858,https://hebalinens.com/products/table-cloth-batterflies,2026/01/26 03:47:40 PM
Paradise - Towel Set,White,2395.0,paradise-towel-set,46634747429155,True,672b9751155c8,https://hebalinens.com/products/paradise-towel-set,2026/01/26 03:47:42 PM
Atraction - Pouch,Grey / 14 L X 18 W,495.0,atraction-pouch,54675384008995,True,,https://hebalinens.com/products/atraction-pouch,2026/01/26 03:47:44 PM
Astronauts - Swaddle Towel sets,White,995.0,astronauts-swaddle-towel-sets,46383258698019,False,672b9440b801c,https://hebalinens.com/products/astronauts-swaddle-towel-sets,2026/01/26 03:47:45 PM
Astronauts - Swaddle Towel sets,Cream,995.0,astronauts-swaddle-towel-sets,46383258763555,True,672b943fec8b4,https://hebalinens.com/products/astronauts-swaddle-towel-sets,2026/01/26 03:47:45 PM
Ballerina - Duvet set,White,6395.0,ballerina-duvet-set,46381754384675,True,672b9442c140d,https://hebalinens.com/products/ballerina-duvet-set,2026/01/26 03:47:47 PM
Calligraphy - Guest Towel Set,White,495.0,calligraphy-guest-set,46635670307107,False,672b9454bc781,https://hebalinens.com/products/calligraphy-guest-set,2026/01/26 03:47:49 PM
Branches Placemat,White,150.0,branches-placemat-set,46972723527971,True,672b944fe497a,https://hebalinens.com/products/branches-placemat-set,2026/01/26 03:47:50 PM
Ballerina - Bath robe,4 years to 6 years / White,645.0,ballerina-bath-robe,46381868187939,True,672b943feffbe,https://hebalinens.com/products/ballerina-bath-robe,2026/01/26 03:47:52 PM
Ballerina - Bath robe,6 years to 8 years / White,945.0,ballerina-bath-robe,46381868253475,False,672b9440ad92d,https://hebalinens.com/products/ballerina-bath-robe,2026/01/26 03:47:52 PM
Stone - Towel Set,White,1995.0,stone-towel-set-3pcs,45689367494947,False,672b97845fb7e,https://hebalinens.com/products/stone-towel-set-3pcs,2026/01/26 03:47:53 PM
Stone - Towel Set,Silver,1995.0,stone-towel-set-3pcs,45704144355619,False,672b9783ab949,https://hebalinens.com/products/stone-towel-set-3pcs,2026/01/26 03:47:53 PM
Esprit - Towel Set,White,1795.0,esprit-towels-set-3pcs,45685065548067,True,672b95a27e13f,https://hebalinens.com/products/esprit-towels-set-3pcs,2026/01/26 03:47:55 PM
Bra and Underwear bag,White / 60 L X 40 W,395.0,bra-and-underwear-bag,46353877205283,True,672b944f4d8e4,https://hebalinens.com/products/bra-and-underwear-bag,2026/01/26 03:47:56 PM
Flow - Towel Set,White,2195.0,flow-towels-set,46867430703395,False,672b95f9ce279,https://hebalinens.com/products/flow-towels-set,2026/01/26 03:47:58 PM
Flow - Towel Set,Grey,2195.0,flow-towels-set,46867430768931,False,672b95f9218be,https://hebalinens.com/products/flow-towels-set,2026/01/26 03:47:58 PM
Catina - Towel Set,Cream,1995.0,catina-towel-set,46972020850979,True,672b945ae006a,https://hebalinens.com/products/catina-towel-set,2026/01/26 03:48:00 PM
Catina - Towel Set,White,1995.0,catina-towel-set,46972020949283,True,672b945b977f6,https://hebalinens.com/products/catina-towel-set,2026/01/26 03:48:00 PM
Farashat - Bath Mat Set,White,2395.0,farashat-bathmat-set-2pcs,45686449307939,False,672b95c9b8b46,https://hebalinens.com/products/farashat-bathmat-set-2pcs,2026/01/26 03:48:01 PM
Farashat - Bath Mat Set,Cream,2395.0,farashat-bathmat-set-2pcs,45686449340707,False,672b95c90ae23,https://hebalinens.com/products/farashat-bathmat-set-2pcs,2026/01/26 03:48:01 PM
Baby animals - Swaddle Towel sets,White,995.0,baby-animals-swaddle-towel-sets,46383232647459,False,672b9440b0b7a,https://hebalinens.com/products/baby-animals-swaddle-towel-sets,2026/01/26 03:48:03 PM
Baby animals - Swaddle Towel sets,Cream,995.0,baby-animals-swaddle-towel-sets,46383232712995,True,672b943fe31db,https://hebalinens.com/products/baby-animals-swaddle-towel-sets,2026/01/26 03:48:03 PM
Calligraphy - Duvet set,King / White,14495.0,calligraphy-duvet-set,46336742719779,False,672b94526d860,https://hebalinens.com/products/calligraphy-duvet-set,2026/01/26 03:48:05 PM
Catina - Sheet Set,King / Cream,6295.0,catina-sheet-set,46971974746403,True,672b945aeb17e,https://hebalinens.com/products/catina-sheet-set,2026/01/26 03:48:09 PM
Catina - Sheet Set,King / White,6295.0,catina-sheet-set,46971974811939,True,672b945ba9bdf,https://hebalinens.com/products/catina-sheet-set,2026/01/26 03:48:09 PM
Catina - Bath Mat Set,Cream,3995.0,catina-bath-mat-set,46971998798115,False,672b94598cf7b,https://hebalinens.com/products/catina-bath-mat-set,2026/01/26 03:48:11 PM
Catina - Bath Mat Set,White,3995.0,catina-bath-mat-set,46971998896419,False,672b945a409ed,https://hebalinens.com/products/catina-bath-mat-set,2026/01/26 03:48:11 PM
Cover Quran,Default Title,0.0,cover-quran,54675642548515,False,,https://hebalinens.com/products/cover-quran,2026/01/26 03:48:12 PM
Croisee - Sheet Set,White*Khaki / King,6495.0,croisee-sheet-set,46971874017571,True,672b958a6da2a,https://hebalinens.com/products/croisee-sheet-set,2026/01/26 03:48:14 PM
Croisee - Sheet Set,White*petroleum / King,6495.0,croisee-sheet-set,47005579870499,True,672b958b35baf,https://hebalinens.com/products/croisee-sheet-set,2026/01/26 03:48:14 PM
Catina - Duvet Set,King / Cream,7995.0,catina-duvet-set,46971939029283,True,672b94599c9ab,https://hebalinens.com/products/catina-duvet-set,2026/01/26 03:48:15 PM
Catina - Duvet Set,King / White,7995.0,catina-duvet-set,46971939127587,False,672b945a57afe,https://hebalinens.com/products/catina-duvet-set,2026/01/26 03:48:15 PM
Colon Underwear bag,White / 60 L X 40 W,395.0,colon-underwear-bag,46881117896995,True,672b958895303,https://hebalinens.com/products/colon-underwear-bag,2026/01/26 03:48:17 PM
Calligraphy - Towel Set,White,2195.0,calligraphy-towel-set,46635648418083,False,672b9457c9bbf,https://hebalinens.com/products/calligraphy-towel-set,2026/01/26 03:48:18 PM
Calligraphy - Kaftan,Cream,5995.0,calligraphy-kaftan,53340132475171,True,672b959649f5a,https://hebalinens.com/products/calligraphy-kaftan,2026/01/26 03:48:20 PM
Croisee - Duvet Set,White*Khaki / King,8495.0,croisee-duvet-set,46971842167075,True,672b958923c75,https://hebalinens.com/products/croisee-duvet-set,2026/01/26 03:48:21 PM
Croisee - Duvet Set,White*Petroleum / King,8495.0,croisee-duvet-set,47005582819619,True,672b9589ef7af,https://hebalinens.com/products/croisee-duvet-set,2026/01/26 03:48:21 PM
Cherry - Table Cloth,2.75 L x 1.8 W  with 8 Napkin / White,16295.0,table-cloth-cherry,46344833761571,False,672b945be09d6,https://hebalinens.com/products/table-cloth-cherry,2026/01/26 03:48:23 PM
Cherry - Table Cloth,2.75 L x 1.8 W  with 8 Napkin / Cream,16295.0,table-cloth-cherry,46344833794339,True,672b945b1cd25,https://hebalinens.com/products/table-cloth-cherry,2026/01/26 03:48:23 PM
Cherry - Table Cloth,3.25 L x 1.8 W with 10 Napkin / White,19495.0,table-cloth-cherry,46344833827107,True,672b945d58e02,https://hebalinens.com/products/table-cloth-cherry,2026/01/26 03:48:23 PM
Cherry - Table Cloth,3.25 L x 1.8 W with 10 Napkin / Cream,19495.0,table-cloth-cherry,46344833859875,True,672b945ca81af,https://hebalinens.com/products/table-cloth-cherry,2026/01/26 03:48:23 PM
Calligraphy - Sheet set,King / White,11495.0,calligraphy-sheet-set,46336763724067,False,672b9454d28d8,https://hebalinens.com/products/calligraphy-sheet-set,2026/01/26 03:48:25 PM
Effect - Guest Towel Set,White,450.0,effect-guest-towel-set,47067720089891,True,672b959b6665c,https://hebalinens.com/products/effect-guest-towel-set,2026/01/26 03:48:27 PM
Effect - Guest Towel Set,Silver,450.0,effect-guest-towel-set,47067720122659,False,672b959aa1102,https://hebalinens.com/products/effect-guest-towel-set,2026/01/26 03:48:27 PM
Effect - Slipper,White,395.0,effect-slippers,46871250960675,False,672b959e6c198,https://hebalinens.com/products/effect-slippers,2026/01/26 03:48:28 PM
Effect - Slipper,Cream,395.0,effect-slippers,46871251026211,True,672b959da017d,https://hebalinens.com/products/effect-slippers,2026/01/26 03:48:28 PM
Effect - Bath Mat Set,White,3995.0,effect-bathmat-set,46336987463971,True,672b95972def1,https://hebalinens.com/products/effect-bathmat-set,2026/01/26 03:48:30 PM
Effect - Bath Mat Set,Silver,3995.0,effect-bathmat-set,46339612377379,True,672b9596703af,https://hebalinens.com/products/effect-bathmat-set,2026/01/26 03:48:30 PM
Croisse - Guest Towel Set,White x Khaki,495.0,croisse-guest-towel-set,47067711897891,True,672b958d77fde,https://hebalinens.com/products/croisse-guest-towel-set,2026/01/26 03:48:31 PM
Croisse - Guest Towel Set,White x Petroleum,495.0,croisse-guest-towel-set,47067711930659,False,672b958e3d5a7,https://hebalinens.com/products/croisse-guest-towel-set,2026/01/26 03:48:31 PM
Effect - Bath robe,White / Fits up to large,3245.0,effect-bath-robe,47068001403171,False,672b959a18e11,https://hebalinens.com/products/effect-bath-robe,2026/01/26 03:48:33 PM
Effect - Bath robe,Cream / Fits up to large,3245.0,effect-bath-robe,47068001435939,True,672b95995a516,https://hebalinens.com/products/effect-bath-robe,2026/01/26 03:48:33 PM
Croisse - Bath Mat Set,White*Khaki,4295.0,croisse-bath-mat-set,46867849150755,True,672b958a677f9,https://hebalinens.com/products/croisse-bath-mat-set,2026/01/26 03:48:34 PM
Croisse - Bath Mat Set,White*Petroleum,4295.0,croisse-bath-mat-set,46867849183523,True,672b958b292d6,https://hebalinens.com/products/croisse-bath-mat-set,2026/01/26 03:48:34 PM
Effect - Duvet set,King / White,13995.0,effect-duvet-set,46329345900835,False,672b959aa4c2e,https://hebalinens.com/products/effect-duvet-set,2026/01/26 03:48:35 PM
Effect - Duvet set,King / Silver,13995.0,effect-duvet-set,46339610738979,False,672b9599ded1c,https://hebalinens.com/products/effect-duvet-set,2026/01/26 03:48:35 PM
Effect - Sheet set,King / White,10995.0,effect-sheet-set,46329358319907,False,672b959d292ea,https://hebalinens.com/products/effect-sheet-set,2026/01/26 03:48:37 PM
Effect - Sheet set,King / Silver,10995.0,effect-sheet-set,46339606446371,True,672b959c6d0fd,https://hebalinens.com/products/effect-sheet-set,2026/01/26 03:48:37 PM
Effect - Towel Set,White,1995.0,effect-towel-set,46336937394467,True,672b959fa9cfc,https://hebalinens.com/products/effect-towel-set,2026/01/26 03:48:38 PM
Effect - Towel Set,Silver,1995.0,effect-towel-set,46339606085923,True,672b959ef2973,https://hebalinens.com/products/effect-towel-set,2026/01/26 03:48:38 PM
Darawesh - Kaftan,Cream,3495.0,darawesh-kaftan,46881198375203,True,672b959649f5a,https://hebalinens.com/products/darawesh-kaftan,2026/01/26 03:48:39 PM
Croisse - Towel Set,White*Khaki,2195.0,croisse-towel-set,46867856458019,True,672b959075460,https://hebalinens.com/products/croisse-towel-set,2026/01/26 03:48:41 PM
Croisse - Towel Set,White*Petroleum,2195.0,croisse-towel-set,46867856687395,True,672b95914201d,https://hebalinens.com/products/croisse-towel-set,2026/01/26 03:48:41 PM
Esprit - Bath Mat Set,White,2395.0,esprit-bathmat-set-2pcs,45685095366947,True,672b959f6f180,https://hebalinens.com/products/esprit-bathmat-set-2pcs,2026/01/26 03:48:42 PM
Farashat - Towel Set,White,1795.0,farashat-towels-set-3pcs,45686430630179,False,672b95cedc178,https://hebalinens.com/products/farashat-towels-set-3pcs,2026/01/26 03:48:44 PM
Farashat - Towel Set,Cream,1795.0,farashat-towels-set-3pcs,45686430662947,True,672b95ce287db,https://hebalinens.com/products/farashat-towels-set-3pcs,2026/01/26 03:48:44 PM
Feather - Duvet Set,King / White x Khaki,6995.0,feather-duvet-set,46635995726115,True,672b95cfea410,https://hebalinens.com/products/feather-duvet-set,2026/01/26 03:48:46 PM
Feather - Duvet Set,King / Cream x Khaki,6995.0,feather-duvet-set,51475849150755,True,,https://hebalinens.com/products/feather-duvet-set,2026/01/26 03:48:46 PM
Feather - Bath Mat Set,White x Khaki,2395.0,feather-bath-mat-set,46636062179619,True,672b95cf40c02,https://hebalinens.com/products/feather-bath-mat-set,2026/01/26 03:48:47 PM
Feather - Bath Mat Set,Cream x Khaki,2395.0,feather-bath-mat-set,51112373911843,False,,https://hebalinens.com/products/feather-bath-mat-set,2026/01/26 03:48:47 PM
Farashat - Sheet set,White / King,5495.0,farashat-sheet-6pcs,45686354379043,True,672b95ce0ae57,https://hebalinens.com/products/farashat-sheet-6pcs,2026/01/26 03:48:48 PM
Farashat - Sheet set,Cream / King,5495.0,farashat-sheet-6pcs,45686354411811,True,672b95cd26f79,https://hebalinens.com/products/farashat-sheet-6pcs,2026/01/26 03:48:48 PM
Farashat - Guest Towel Set,White,480.0,farashat-guest-towel-set,47052814745891,True,672b95cb63556,https://hebalinens.com/products/farashat-guest-towel-set,2026/01/26 03:48:50 PM
Farashat - Guest Towel Set,Cream,480.0,farashat-guest-towel-set,47067664351523,True,672b95ca8f539,https://hebalinens.com/products/farashat-guest-towel-set,2026/01/26 03:48:50 PM
Farashat - Duvet set,White / King,6995.0,farashat,45343690948899,True,672b95ca7fb79,https://hebalinens.com/products/farashat,2026/01/26 03:48:51 PM
Farashat - Duvet set,Cream / King,6995.0,farashat,45343690981667,True,672b95c9c29b2,https://hebalinens.com/products/farashat,2026/01/26 03:48:51 PM
Esprit - Guest Towel Set,White,480.0,esprit-guest-towel-set,47052809601315,True,672b95a0e113a,https://hebalinens.com/products/esprit-guest-towel-set,2026/01/26 03:48:53 PM
Esprit - Sheet set,White / King,4495.0,esprit-sheet-set-6pcs,45666312814883,True,672b95a00dcda,https://hebalinens.com/products/esprit-sheet-set-6pcs,2026/01/26 03:48:54 PM
Esprit - Duvet set,White / King,5695.0,esprit,45665169244451,True,672b959f836c5,https://hebalinens.com/products/esprit,2026/01/26 03:48:56 PM
Feather - Guest Towel Set,White x Khaki,480.0,feather-guest-set,46636111298851,False,672b95d20c168,https://hebalinens.com/products/feather-guest-set,2026/01/26 03:48:57 PM
Frivol - Sunglasses Cover,Grey,295.0,frivol-sunglasses-cover,46881374601507,True,672b95fb22944,https://hebalinens.com/products/frivol-sunglasses-cover,2026/01/26 03:49:00 PM
Flow - Bath Mat Set,White,4295.0,flow-bathmat-set,46867420676387,False,672b95f4c132c,https://hebalinens.com/products/flow-bathmat-set,2026/01/26 03:49:02 PM
Flow - Bath Mat Set,Grey,4295.0,flow-bathmat-set,46867420741923,True,672b95f41bbbc,https://hebalinens.com/products/flow-bathmat-set,2026/01/26 03:49:02 PM
Frieda - Sunglasses Cover,Grey,295.0,frieda-sunglasses-cover,54675320766755,True,,https://hebalinens.com/products/frieda-sunglasses-cover,2026/01/26 03:49:03 PM
Flow - Sheet set,King / White,11495.0,flow-sheet-set,46867403899171,True,672b95f92ecc3,https://hebalinens.com/products/flow-sheet-set,2026/01/26 03:49:04 PM
Flow - Sheet set,King / Grey,11495.0,flow-sheet-set,46867403931939,False,672b95f84d081,https://hebalinens.com/products/flow-sheet-set,2026/01/26 03:49:04 PM
Freida - Pouch,Grey / 14 L X 18 W,495.0,freida-pouch,54675318669603,True,,https://hebalinens.com/products/freida-pouch,2026/01/26 03:49:06 PM
Fig Placemat Set,White,1140.0,fig-placemat-set,46353697308963,True,672b95f6ce637,https://hebalinens.com/products/fig-placemat-set,2026/01/26 03:49:07 PM
Feather - Towel Set,White x Khaki,1795.0,feather-towel-set,46636095832355,False,672b95f180898,https://hebalinens.com/products/feather-towel-set,2026/01/26 03:49:08 PM
Feather - Towel Set,Cream x Khaki,1795.0,feather-towel-set,51112376631587,False,,https://hebalinens.com/products/feather-towel-set,2026/01/26 03:49:08 PM
Fuiage - Bath Mat Set,White,4295.0,fuiage-bath-mat-set,46867833618723,False,672b95fc17387,https://hebalinens.com/products/fuiage-bath-mat-set,2026/01/26 03:49:10 PM
Feather - Sheet Set,King / White x Khaki,5495.0,feather-sheet-set,46636014174499,True,672b95f2853ee,https://hebalinens.com/products/feather-sheet-set,2026/01/26 03:49:11 PM
Frivol - Pouch,Grey / 14 L X 18 W,495.0,frivol-pouch,46871909400867,False,672b95fa46e5a,https://hebalinens.com/products/frivol-pouch,2026/01/26 03:49:13 PM
Flow - Duvet set,King / White,14495.0,flow-duvet-set,46867388760355,True,672b95f7aeeac,https://hebalinens.com/products/flow-duvet-set,2026/01/26 03:49:14 PM
Flow - Duvet set,King / Grey,14495.0,flow-duvet-set,46867388793123,False,672b95f6ed463,https://hebalinens.com/products/flow-duvet-set,2026/01/26 03:49:14 PM
Fulla - Bath Mat Set,White,4495.0,fulla-bath-mat-set,46635060527395,False,672b9601c4bc1,https://hebalinens.com/products/fulla-bath-mat-set,2026/01/26 03:49:17 PM
Fulla - Bath Mat Set,Cream,4495.0,fulla-bath-mat-set,47006262198563,False,672b960122dd5,https://hebalinens.com/products/fulla-bath-mat-set,2026/01/26 03:49:17 PM
Fulla - Robe,White / One size-fits small to large,3295.0,fulla-robe,46880949567779,True,672b9608583de,https://hebalinens.com/products/fulla-robe,2026/01/26 03:49:19 PM
Fulla - Robe,Cream / One size-fits small to large,3295.0,fulla-robe,46880949600547,True,672b96077f6e9,https://hebalinens.com/products/fulla-robe,2026/01/26 03:49:19 PM
Fuiage - Sheet set,King / White,6495.0,fuiage-sheet-set,46867830341923,True,672b95ff84877,https://hebalinens.com/products/fuiage-sheet-set,2026/01/26 03:49:20 PM
Fulla - Makeup Case,White,445.0,fulla-makeup-case,46880340934947,False,672b965a2dc2f,https://hebalinens.com/products/fulla-makeup-case,2026/01/26 03:49:22 PM
Fulla - Makeup Case,Cream,445.0,fulla-makeup-case,46880341000483,False,672b96596f9b8,https://hebalinens.com/products/fulla-makeup-case,2026/01/26 03:49:22 PM
Fuiage - Guest Towel Set,White,495.0,fuiage-guest-towel-set,47067721728291,True,672b95fef098d,https://hebalinens.com/products/fuiage-guest-towel-set,2026/01/26 03:49:23 PM
Fulla - Guest Towel Set,White,540.0,fulla-guest-set,46635262181667,False,672b9606342b1,https://hebalinens.com/products/fulla-guest-set,2026/01/26 03:49:25 PM
Fulla - Guest Towel Set,Cream,540.0,fulla-guest-set,47006411784483,True,672b9605710c1,https://hebalinens.com/products/fulla-guest-set,2026/01/26 03:49:25 PM
Fulla - Towel Set,White,2395.0,fulla-towel-set,46635113382179,False,672b965c56541,https://hebalinens.com/products/fulla-towel-set,2026/01/26 03:49:26 PM
Fulla - Towel Set,Cream,2395.0,fulla-towel-set,47006260330787,True,672b965b9fce5,https://hebalinens.com/products/fulla-towel-set,2026/01/26 03:49:26 PM
Fulla - Sheet Set,King / White,6995.0,fulla-sheet-set,46634987618595,True,672b966acf231,https://hebalinens.com/products/fulla-sheet-set,2026/01/26 03:49:28 PM
Fulla - Sheet Set,King / Cream,6995.0,fulla-sheet-set,47006253711651,True,672b966a24549,https://hebalinens.com/products/fulla-sheet-set,2026/01/26 03:49:28 PM
Fuiage - Duvet set,White / King,8495.0,fuiage-duvet-set,46867827392803,False,672b95fd2b344,https://hebalinens.com/products/fuiage-duvet-set,2026/01/26 03:49:30 PM
Fuiage - Towel Set,White,2195.0,fuiage-towel-set,46867836928291,False,672b9602a8f07,https://hebalinens.com/products/fuiage-towel-set,2026/01/26 03:49:31 PM
Golden berry Placemat Set,White,1140.0,golden-berry-placemat-set,46353702846755,True,672b965cd5b1e,https://hebalinens.com/products/golden-berry-placemat-set,2026/01/26 03:49:33 PM
Fulla - Duvet Set,King / White,8995.0,fulla-duvet-set,46634827940131,False,672b960519471,https://hebalinens.com/products/fulla-duvet-set,2026/01/26 03:49:34 PM
Fulla - Duvet Set,King / Cream,8995.0,fulla-duvet-set,47006257512739,True,672b96045a3a0,https://hebalinens.com/products/fulla-duvet-set,2026/01/26 03:49:34 PM
Happy House - Duvet set,Single / White,6395.0,happy-house-duvet-set,46382565032227,True,672b965fce76d,https://hebalinens.com/products/happy-house-duvet-set,2026/01/26 03:49:36 PM
Louly - Bath Mat Set,White,4295.0,louly-bathmat-set-2pcs,45690378060067,True,672b972c7bca3,https://hebalinens.com/products/louly-bathmat-set-2pcs,2026/01/26 03:49:38 PM
Louly - Bath Mat Set,Cream,4295.0,louly-bathmat-set-2pcs,45703997751587,True,672b972bb8f58,https://hebalinens.com/products/louly-bathmat-set-2pcs,2026/01/26 03:49:38 PM
Hapiona - Swaddle Towel set,White,995.0,butterflies-swaddle-towel-sets,46383242576163,False,672b965ed8cc0,https://hebalinens.com/products/butterflies-swaddle-towel-sets,2026/01/26 03:49:39 PM
Hapiona - Swaddle Towel set,Cream,995.0,butterflies-swaddle-towel-sets,46383242772771,True,672b965e27e7b,https://hebalinens.com/products/butterflies-swaddle-towel-sets,2026/01/26 03:49:39 PM
Les Copains - Robe,White / One size-fits small to large,3295.0,les-copains-robe,46880870990115,False,672b972377d86,https://hebalinens.com/products/les-copains-robe,2026/01/26 03:49:41 PM
Les Copains - Robe,Cream / One size-fits small to large,3295.0,les-copains-robe,46880871055651,False,672b9722b9e12,https://hebalinens.com/products/les-copains-robe,2026/01/26 03:49:41 PM
Leaves - Table Cloth,2.75 L x 1.8 W  with 8 Napkin / White,15495.0,table-cloth,46344862007587,False,672b966ebd455,https://hebalinens.com/products/table-cloth,2026/01/26 03:49:42 PM
Leaves - Table Cloth,2.75 L x 1.8 W  with 8 Napkin / Cream,15495.0,table-cloth,46344862040355,True,672b966e03fdc,https://hebalinens.com/products/table-cloth,2026/01/26 03:49:42 PM
Leaves - Table Cloth,3.25 L x 1.8 W with 10 Napkin / White,18495.0,table-cloth,46344862073123,True,672b96702ae0f,https://hebalinens.com/products/table-cloth,2026/01/26 03:49:42 PM
Leaves - Table Cloth,3.25 L x 1.8 W with 10 Napkin / Cream,18495.0,table-cloth,46344862105891,True,672b966f7f3cb,https://hebalinens.com/products/table-cloth,2026/01/26 03:49:42 PM
Les Copains - Makeup Case,White,445.0,les-copains-makeup-case,46880242925859,False,672b971c2fe3e,https://hebalinens.com/products/les-copains-makeup-case,2026/01/26 03:49:44 PM
Les Copains - Makeup Case,Cream,445.0,les-copains-makeup-case,46880243089699,False,672b971b6cbe1,https://hebalinens.com/products/les-copains-makeup-case,2026/01/26 03:49:44 PM
Lemon Placemat Set,White,1140.0,lemon-placemat-set,46353706451235,True,672b971a71e7b,https://hebalinens.com/products/lemon-placemat-set,2026/01/26 03:49:45 PM
Horus - Towel Set,Cream,2195.0,hours-towel-set,46971571142947,True,672b966474179,https://hebalinens.com/products/hours-towel-set,2026/01/26 03:49:47 PM
Horus - Towel Set,White,2195.0,hours-towel-set,46971571241251,True,672b9665375fd,https://hebalinens.com/products/hours-towel-set,2026/01/26 03:49:47 PM
Horus - Sheet Set,Cream / King,11495.0,hours-sheet-set,46971547025699,True,672b96636987d,https://hebalinens.com/products/hours-sheet-set,2026/01/26 03:49:48 PM
Horus - Sheet Set,White / King,11495.0,hours-sheet-set,46971547058467,True,672b9664409a2,https://hebalinens.com/products/hours-sheet-set,2026/01/26 03:49:48 PM
Horus - Duvet Set,Cream / King,13995.0,hours-duvet-set,46971538342179,False,672b9662ebd12,https://hebalinens.com/products/hours-duvet-set,2026/01/26 03:49:51 PM
Horus - Duvet Set,White / King,13995.0,hours-duvet-set,46971538407715,False,672b9663a24de,https://hebalinens.com/products/hours-duvet-set,2026/01/26 03:49:51 PM
Louly -  Duvet Set,White / King,11195.0,louly-duvet-set-6pcs,45689628885283,False,672b9726b908e,https://hebalinens.com/products/louly-duvet-set-6pcs,2026/01/26 03:49:53 PM
Louly -  Duvet Set,Cream / King,11195.0,louly-duvet-set-6pcs,45704005746979,True,672b97260834c,https://hebalinens.com/products/louly-duvet-set-6pcs,2026/01/26 03:49:53 PM
Horus - Bath Mat Set,Cream,4295.0,hours-bath-mat-set,46971590639907,True,672b9660cbb1f,https://hebalinens.com/products/hours-bath-mat-set,2026/01/26 03:49:54 PM
Horus - Bath Mat Set,White,4295.0,hours-bath-mat-set,46971590672675,True,672b9661829b8,https://hebalinens.com/products/hours-bath-mat-set,2026/01/26 03:49:54 PM
My Dream - Sheet Set,King / Grey,11995.0,my-dream-sheet-set,46634056745251,True,672b97420b5ef,https://hebalinens.com/products/my-dream-sheet-set,2026/01/26 03:49:57 PM
My Dream - Sheet Set,King / White,11995.0,my-dream-sheet-set,46736509370659,True,672b9742cb187,https://hebalinens.com/products/my-dream-sheet-set,2026/01/26 03:49:57 PM
Louly - Towel Set,White,2195.0,louly-towel-set-3pcs,45690490585379,False,672b9736e4c18,https://hebalinens.com/products/louly-towel-set-3pcs,2026/01/26 03:49:58 PM
Louly - Towel Set,Cream,2195.0,louly-towel-set-3pcs,45704074690851,False,672b973637d22,https://hebalinens.com/products/louly-towel-set-3pcs,2026/01/26 03:49:58 PM
Ocean - Sheet Set,White / King,6495.0,ocean-sheet-set,54675500990755,True,,https://hebalinens.com/products/ocean-sheet-set,2026/01/26 03:50:00 PM
Maillot Underwear bag,White / 60 L X 40 W,395.0,maillot-underwear-bag,46353892999459,True,672b973775681,https://hebalinens.com/products/maillot-underwear-bag,2026/01/26 03:50:01 PM
My Dream - Guest Towel Set,Grey,540.0,my-dream-guest-towel-set,47067705213219,False,672b97410c9d6,https://hebalinens.com/products/my-dream-guest-towel-set,2026/01/26 03:50:03 PM
My Dream - Guest Towel Set,White,540.0,my-dream-guest-towel-set,47067705245987,True,672b9741b2e41,https://hebalinens.com/products/my-dream-guest-towel-set,2026/01/26 03:50:03 PM
Paradise - Duvet Set,White / King,14995.0,paradise-duvet-set,46634502160675,False,672b974980267,https://hebalinens.com/products/paradise-duvet-set,2026/01/26 03:50:04 PM
Paradise - Bath Mat Set,White,4495.0,paradise-bath-mats,46634686677283,True,672b97476a026,https://hebalinens.com/products/paradise-bath-mats,2026/01/26 03:50:06 PM
My Dream - Towel Set,Grey,2395.0,my-dream-towel-set,46634448257315,False,672b97437e1b3,https://hebalinens.com/products/my-dream-towel-set,2026/01/26 03:50:07 PM
My Dream - Towel Set,White,2395.0,my-dream-towel-set,46634448650531,False,672b9744347fb,https://hebalinens.com/products/my-dream-towel-set,2026/01/26 03:50:07 PM
My Dream - Bath Mat Set,White,4495.0,my-dream-bath-mat-set,46634182672675,True,672b9738e7357,https://hebalinens.com/products/my-dream-bath-mat-set,2026/01/26 03:50:09 PM
My Dream - Bath Mat Set,Grey,4495.0,my-dream-bath-mat-set,46888437121315,False,672b973819ce4,https://hebalinens.com/products/my-dream-bath-mat-set,2026/01/26 03:50:09 PM
Louly - Guest Towel Set,White,495.0,louly-guest-towel-set,47067722973475,True,672b972fb5466,https://hebalinens.com/products/louly-guest-towel-set,2026/01/26 03:50:10 PM
Louly - Guest Towel Set,Cream,495.0,louly-guest-towel-set,47067723006243,True,672b972eef4ff,https://hebalinens.com/products/louly-guest-towel-set,2026/01/26 03:50:10 PM
My Dream - Duvet Set,King / Grey,14995.0,my-dream-duvet-set,46633727033635,True,672b9740b82d2,https://hebalinens.com/products/my-dream-duvet-set,2026/01/26 03:50:12 PM
My Dream - Duvet Set,King / White,14995.0,my-dream-duvet-set,46694704283939,True,672b974162990,https://hebalinens.com/products/my-dream-duvet-set,2026/01/26 03:50:12 PM
Louly - Sheet Set,White / King,8995.0,louly-sheet-set-6pcs,45690264879395,True,672b9732a706c,https://hebalinens.com/products/louly-sheet-set-6pcs,2026/01/26 03:50:13 PM
Louly - Sheet Set,Cream / King,8995.0,louly-sheet-set-6pcs,45704027570467,True,672b9731eabea,https://hebalinens.com/products/louly-sheet-set-6pcs,2026/01/26 03:50:13 PM
Sanabel - Bath Mat Set,White,4295.0,sanabel-bathmat-set-4pcs,45704131805475,False,672b975d58220,https://hebalinens.com/products/sanabel-bathmat-set-4pcs,2026/01/26 03:50:16 PM
Sanabel - Bath Mat Set,Cream,4295.0,sanabel-bathmat-set-4pcs,45704131838243,False,672b975c96ac4,https://hebalinens.com/products/sanabel-bathmat-set-4pcs,2026/01/26 03:50:16 PM
Paradise - Sheet Set,King / White,11995.0,paradise-sheet-set,46634544464163,True,672b97513ad0d,https://hebalinens.com/products/paradise-sheet-set,2026/01/26 03:50:17 PM
Parrot - Sunglasses Cover,Grey,295.0,parrot-sunglasses-cover,54675410944291,True,,https://hebalinens.com/products/parrot-sunglasses-cover,2026/01/26 03:50:19 PM
Prime rose - Sunglasses Cover,Grey,295.0,prime-rose-sunglasses-cover,46881343111459,True,672b975b80370,https://hebalinens.com/products/prime-rose-sunglasses-cover,2026/01/26 03:50:21 PM
Sanabel - Bath robe,White / Fits up to large,3245.0,sanabel-bath-robe,46868138262819,True,672b975f9f99b,https://hebalinens.com/products/sanabel-bath-robe,2026/01/26 03:50:23 PM
Sanabel - Bath robe,Cream / Fits up to large,3245.0,sanabel-bath-robe,46868138295587,True,672b975ed80c3,https://hebalinens.com/products/sanabel-bath-robe,2026/01/26 03:50:23 PM
Parrot - Pouch,Grey / 14 L X 18 W,495.0,parrot-pouch,54675402785059,True,,https://hebalinens.com/products/parrot-pouch,2026/01/26 03:50:24 PM
Prime rose - Pouch,Grey / 14 L X 18 W,495.0,pouches,46871869489443,False,672b975492f78,https://hebalinens.com/products/pouches,2026/01/26 03:50:26 PM
Ramdan Karem  - Table Cloth,White,0.0,ramdan-karem-table-cloth,54675631767843,False,,https://hebalinens.com/products/ramdan-karem-table-cloth,2026/01/26 03:50:27 PM
Ramdan Karem  - Table Cloth,Khaki,0.0,ramdan-karem-table-cloth,54675631800611,False,,https://hebalinens.com/products/ramdan-karem-table-cloth,2026/01/26 03:50:27 PM
Paradise - Guest Towel Set,White,540.0,paradise-guest-towel-set,47067723137315,True,672b974bc83fe,https://hebalinens.com/products/paradise-guest-towel-set,2026/01/26 03:50:29 PM
Paradise - Robe,White / One size-fits small to large,3295.0,paradise-robe,46880909132067,False,672b97506f2fe,https://hebalinens.com/products/paradise-robe,2026/01/26 03:50:31 PM
Paradise - Robe,Cream / One size-fits small to large,3295.0,paradise-robe,46880909328675,False,672b974fafb56,https://hebalinens.com/products/paradise-robe,2026/01/26 03:50:31 PM
Paradise - Makeup Case,White,445.0,paradise-makeup-case,46880323076387,False,672b974d41021,https://hebalinens.com/products/paradise-makeup-case,2026/01/26 03:50:34 PM
Paradise - Makeup Case,Cream,445.0,paradise-makeup-case,46880323109155,False,672b974c829c9,https://hebalinens.com/products/paradise-makeup-case,2026/01/26 03:50:34 PM
Sanabel - Duvet set,White / King,11195.0,sanabel-sateen-500-tc,45333377745187,False,672b975f9b6f8,https://hebalinens.com/products/sanabel-sateen-500-tc,2026/01/26 03:50:39 PM
Sanabel - Duvet set,Cream / King,11195.0,sanabel-sateen-500-tc,45333377777955,True,672b975eec12a,https://hebalinens.com/products/sanabel-sateen-500-tc,2026/01/26 03:50:39 PM
Sanabel - Slippers,White,395.0,sanabel-slippers,46871279042851,True,672b9766ef140,https://hebalinens.com/products/sanabel-slippers,2026/01/26 03:50:40 PM
Sanabel - Slippers,Cream,395.0,sanabel-slippers,46871279075619,True,672b976636609,https://hebalinens.com/products/sanabel-slippers,2026/01/26 03:50:40 PM
Soccer - Duvet set,Single / White,6395.0,soccer-duvet-set,46381896237347,True,672b977ad5293,https://hebalinens.com/products/soccer-duvet-set,2026/01/26 03:50:42 PM
Select - Guest Towel Set,White,495.0,select-guest-towel-set,47067705442595,True,672b976b88942,https://hebalinens.com/products/select-guest-towel-set,2026/01/26 03:50:43 PM
Soccer - Bath robe,4 years to 6 years / White,645.0,soccer-bath-robe,46381905674531,True,672b977a99329,https://hebalinens.com/products/soccer-bath-robe,2026/01/26 03:50:45 PM
Soccer - Bath robe,6 years to 8 years / White,945.0,soccer-bath-robe,46381905707299,True,672b977b50a44,https://hebalinens.com/products/soccer-bath-robe,2026/01/26 03:50:45 PM
Select - Bath Mat Set,White,4295.0,select-bath-mat-set,46635467604259,True,672b9768d7611,https://hebalinens.com/products/select-bath-mat-set,2026/01/26 03:50:46 PM
Select - Sheet Set,King / White,6495.0,select-sheet-set,46635449057571,False,672b976f030d4,https://hebalinens.com/products/select-sheet-set,2026/01/26 03:50:47 PM
Sanabel - Guest Towel Set,White,495.0,sanabel-guest-towel-set,47067723366691,True,672b9762978ed,https://hebalinens.com/products/sanabel-guest-towel-set,2026/01/26 03:50:49 PM
Sanabel - Guest Towel Set,Cream,495.0,sanabel-guest-towel-set,47067723399459,True,672b9761e1f80,https://hebalinens.com/products/sanabel-guest-towel-set,2026/01/26 03:50:49 PM
Sanabel - Sheet set,White / King,8995.0,sanabel-sateen-500-tc-1,45333383971107,True,672b97664f5be,https://hebalinens.com/products/sanabel-sateen-500-tc-1,2026/01/26 03:50:50 PM
Sanabel - Sheet set,Cream / King,8995.0,sanabel-sateen-500-tc-1,45333384003875,True,672b97658ea6c,https://hebalinens.com/products/sanabel-sateen-500-tc-1,2026/01/26 03:50:50 PM
Select - Duvet Set,King / White,8495.0,select-duvet-set,46635423269155,True,672b97696b504,https://hebalinens.com/products/select-duvet-set,2026/01/26 03:50:52 PM
Select - Towel Set,White,2195.0,select-towel-set,46635485069603,False,672b9770ebb14,https://hebalinens.com/products/select-towel-set,2026/01/26 03:50:53 PM
Sanabel - Towel Set,White,2195.0,sanabel-towels-set-3pcs,45704156578083,False,672b97671c6f1,https://hebalinens.com/products/sanabel-towels-set-3pcs,2026/01/26 03:50:54 PM
Sanabel - Towel Set,Cream,2195.0,sanabel-towels-set-3pcs,45704156610851,False,672b97663544f,https://hebalinens.com/products/sanabel-towels-set-3pcs,2026/01/26 03:50:54 PM
Tennis - Bath robe,4 years to 6 years / White,645.0,tennis-bath-robe,46382541832483,False,672b979019dbd,https://hebalinens.com/products/tennis-bath-robe,2026/01/26 03:50:56 PM
Tennis - Bath robe,6 years to 8 years / White,945.0,tennis-bath-robe,46382541865251,False,672b9790bc769,https://hebalinens.com/products/tennis-bath-robe,2026/01/26 03:50:56 PM
Stone - Bath Mat Set,White,3995.0,stone-bathmat-set-2-pcs,45689259262243,True,672b97804b5b3,https://hebalinens.com/products/stone-bathmat-set-2-pcs,2026/01/26 03:50:58 PM
Stone - Bath Mat Set,Silver,3995.0,stone-bathmat-set-2-pcs,45704116601123,True,672b977f94b75,https://hebalinens.com/products/stone-bathmat-set-2-pcs,2026/01/26 03:50:58 PM
Surfing - Duvet set,Single / White,6395.0,surfing-duvet-set,46381930807587,True,672b9786df02c,https://hebalinens.com/products/surfing-duvet-set,2026/01/26 03:50:59 PM
Tennis - Duvet set,White,6395.0,tennis-duvet-set,46382534721827,False,672b9792ec679,https://hebalinens.com/products/tennis-duvet-set,2026/01/26 03:51:00 PM
Trio - Duvet Set,King / White,7995.0,trio-duvet-set-6pcs,45687657464099,True,672b979e1ec5b,https://hebalinens.com/products/trio-duvet-set-6pcs,2026/01/26 03:51:02 PM
Trio - Duvet Set,King / Silver,7995.0,trio-duvet-set-6pcs,45704157790499,True,672b979d64fd1,https://hebalinens.com/products/trio-duvet-set-6pcs,2026/01/26 03:51:02 PM
Stone - Guest Towel Set,White,450.0,stone-guest-towel-set,47067707113763,False,672b97843028f,https://hebalinens.com/products/stone-guest-towel-set,2026/01/26 03:51:03 PM
Stone - Guest Towel Set,Silver,450.0,stone-guest-towel-set,47067707146531,False,672b97836ee93,https://hebalinens.com/products/stone-guest-towel-set,2026/01/26 03:51:03 PM
Stars - Swaddle Towel sets,White,995.0,swaddle-towel-sets,46383034368291,False,672b977e50947,https://hebalinens.com/products/swaddle-towel-sets,2026/01/26 03:51:05 PM
Stars - Swaddle Towel sets,Cream,995.0,swaddle-towel-sets,46383208792355,True,672b977d8646b,https://hebalinens.com/products/swaddle-towel-sets,2026/01/26 03:51:05 PM
Stone - Duvet Set,White / King,13995.0,stone-duvet-set-6pcs,45689007800611,True,672b97805fe39,https://hebalinens.com/products/stone-duvet-set-6pcs,2026/01/26 03:51:06 PM
Stone - Duvet Set,Silver / King,13995.0,stone-duvet-set-6pcs,45704128069923,True,672b977fa5f40,https://hebalinens.com/products/stone-duvet-set-6pcs,2026/01/26 03:51:06 PM
Stone - Sheet Set,King / White,10995.0,stone-sheet-set-6pcs,45689168003363,False,672b97843a8b4,https://hebalinens.com/products/stone-sheet-set-6pcs,2026/01/26 03:51:07 PM
Stone - Sheet Set,King / Silver,10995.0,stone-sheet-set-6pcs,45704139112739,True,672b978383ec7,https://hebalinens.com/products/stone-sheet-set-6pcs,2026/01/26 03:51:07 PM
Surfing - Bath robe,4 years to 6 years / White,645.0,surfing-bath-robe,46382460961059,True,672b97848577d,https://hebalinens.com/products/surfing-bath-robe,2026/01/26 03:51:09 PM
Surfing - Bath robe,6 years to 8 years / White,945.0,surfing-bath-robe,46382460993827,True,672b97853a70f,https://hebalinens.com/products/surfing-bath-robe,2026/01/26 03:51:09 PM
Trio - Bath Mat Set,White,3995.0,trio-bathmats,45704184135971,True,672b979d4d9b1,https://hebalinens.com/products/trio-bathmats,2026/01/26 03:51:10 PM
Trio - Bath Mat Set,Silver,3995.0,trio-bathmats,45704184168739,True,672b979c8f0dd,https://hebalinens.com/products/trio-bathmats,2026/01/26 03:51:10 PM
Trio - Sheet Set,King / White,6295.0,trio-sheet-set-6pcs,45687685349667,True,672b97a1bfc85,https://hebalinens.com/products/trio-sheet-set-6pcs,2026/01/26 03:51:12 PM
Trio - Sheet Set,King / Silver,6295.0,trio-sheet-set-6pcs,45704160870691,True,672b97a11483d,https://hebalinens.com/products/trio-sheet-set-6pcs,2026/01/26 03:51:12 PM
Trio - Towel Set,White,1995.0,trio-towel-set-3pcs,45688064442659,True,672b97a250ed8,https://hebalinens.com/products/trio-towel-set-3pcs,2026/01/26 03:51:14 PM
Trio - Towel Set,Silver,1995.0,trio-towel-set-3pcs,45704165622051,False,672b97a1870a1,https://hebalinens.com/products/trio-towel-set-3pcs,2026/01/26 03:51:14 PM
